2026-09-14 00:05:34.896 +08:00 [INF] HTTP POST /api/auth/refresh responded 401 in 4.2188 ms
2026-09-14 00:05:35.229 +08:00 [INF] HTTP GET /api/chapters responded 200 in 337.9574 ms
2026-09-14 00:05:35.656 +08:00 [INF] HTTP POST /api/auth/refresh responded 401 in 0.4144 ms
2026-09-14 00:05:35.657 +08:00 [INF] HTTP POST /api/auth/refresh responded 401 in 0.1281 ms
2026-09-14 00:05:35.722 +08:00 [INF] HTTP GET /api/chapters responded 200 in 66.6894 ms
2026-09-14 00:07:09.085 +08:00 [INF] HTTP POST /api/auth/refresh responded 401 in 0.1190 ms
2026-09-14 00:07:09.087 +08:00 [INF] HTTP POST /api/auth/refresh responded 401 in 0.1715 ms
2026-09-14 00:07:09.153 +08:00 [INF] HTTP GET /api/chapters responded 200 in 68.1938 ms
2026-09-14 00:07:12.075 +08:00 [INF] HTTP POST /api/auth/refresh responded 401 in 0.1466 ms
2026-09-14 00:07:12.079 +08:00 [INF] HTTP POST /api/auth/refresh responded 401 in 0.1657 ms
2026-09-14 00:07:12.133 +08:00 [INF] HTTP GET /api/chapters responded 200 in 59.2773 ms
2026-09-14 09:34:46.839 +08:00 [INF] HTTP GET /api/chapters responded 200 in 378.0405 ms
2026-09-14 09:34:57.056 +08:00 [INF] HTTP POST /api/auth/refresh responded 401 in 0.1717 ms
2026-09-14 09:34:57.058 +08:00 [INF] HTTP POST /api/auth/refresh responded 401 in 0.1612 ms
2026-09-14 09:34:57.122 +08:00 [INF] HTTP GET /api/chapters responded 200 in 65.1113 ms
2026-09-14 09:35:01.093 +08:00 [INF] HTTP POST /api/auth/refresh responded 401 in 0.1594 ms
2026-09-14 09:35:01.095 +08:00 [INF] HTTP POST /api/auth/refresh responded 401 in 0.1263 ms
2026-09-14 09:35:10.736 +08:00 [INF] HTTP POST /api/auth/sign-in responded 401 in 188.9175 ms
2026-09-14 09:35:13.646 +08:00 [INF] HTTP POST /api/auth/sign-in responded 200 in 298.3142 ms
2026-09-14 09:35:13.715 +08:00 [INF] HTTP GET /api/auth/me responded 200 in 58.7883 ms
2026-09-14 09:35:13.864 +08:00 [INF] HTTP GET /api/chapters/1/meetings responded 200 in 116.4677 ms
2026-09-14 09:35:14.103 +08:00 [INF] HTTP GET /api/chapters/1/announcements responded 200 in 353.7660 ms
2026-09-14 09:35:17.161 +08:00 [INF] HTTP GET /api/blood-types responded 200 in 55.0808 ms
2026-09-14 09:35:17.168 +08:00 [INF] HTTP GET /api/members/me responded 200 in 64.8703 ms
2026-09-14 09:35:17.237 +08:00 [INF] HTTP GET /api/members/2/photo responded 200 in 57.4726 ms
2026-09-14 09:35:17.445 +08:00 [INF] HTTP GET /api/skills responded 200 in 338.5331 ms
2026-09-14 09:35:33.945 +08:00 [INF] HTTP POST /api/members/me/photo/stage responded 200 in 104.8023 ms
2026-09-14 09:35:34.026 +08:00 [INF] HTTP POST /api/members/me/photo responded 200 in 69.6837 ms
2026-09-14 09:35:34.101 +08:00 [INF] HTTP GET /api/members/2/photo responded 200 in 60.2085 ms
2026-09-14 09:35:34.104 +08:00 [INF] HTTP GET /api/members/me responded 200 in 68.3541 ms
2026-09-14 09:35:35.507 +08:00 [INF] HTTP PATCH /api/members/me responded 409 in 165.4212 ms
2026-09-14 09:35:40.741 +08:00 [INF] HTTP GET /api/members/me responded 200 in 64.0948 ms
2026-09-14 09:35:45.557 +08:00 [INF] HTTP PATCH /api/members/me responded 200 in 166.9928 ms
2026-09-14 09:35:45.633 +08:00 [INF] HTTP GET /api/members/me responded 200 in 65.5599 ms
2026-09-14 09:35:51.115 +08:00 [INF] HTTP GET /api/chapters/1/meetings responded 200 in 54.8971 ms
2026-09-14 09:35:51.128 +08:00 [INF] HTTP GET /api/chapters/1/announcements responded 200 in 68.2183 ms
2026-09-14 09:35:52.655 +08:00 [INF] HTTP GET /api/members/2/photo responded 200 in 72.9106 ms
2026-09-14 09:35:52.731 +08:00 [INF] HTTP GET /api/members/2/photo responded 200 in 67.8032 ms
2026-09-14 09:36:20.260 +08:00 [INF] HTTP GET /api/members responded 200 in 86.4250 ms
2026-09-14 09:36:58.263 +08:00 [INF] HTTP POST /api/auth/sign-out responded 200 in 80.4620 ms
2026-09-14 09:37:00.149 +08:00 [INF] HTTP GET /api/chapters responded 200 in 66.6304 ms
2026-09-14 09:38:04.970 +08:00 [INF] HTTP POST /api/membership-applications responded 200 in 105.8611 ms
2026-09-14 09:38:15.149 +08:00 [INF] HTTP POST /api/auth/refresh responded 401 in 0.2023 ms
2026-09-14 09:38:15.151 +08:00 [INF] HTTP POST /api/auth/refresh responded 401 in 0.1249 ms
2026-09-14 09:38:26.425 +08:00 [INF] HTTP POST /api/auth/sign-in responded 401 in 214.4906 ms
2026-09-14 09:38:37.867 +08:00 [INF] HTTP POST /api/auth/sign-in responded 200 in 295.8565 ms
2026-09-14 09:38:37.932 +08:00 [INF] HTTP GET /api/auth/me responded 200 in 54.4221 ms
2026-09-14 09:38:38.034 +08:00 [INF] HTTP GET /api/chapters/1/meetings responded 200 in 56.2157 ms
2026-09-14 09:38:38.034 +08:00 [INF] HTTP GET /api/chapters/1/announcements responded 200 in 55.9937 ms
2026-09-14 09:38:38.084 +08:00 [INF] HTTP GET /api/chapters/1/ledger/summary responded 200 in 105.1134 ms
2026-09-14 09:38:38.312 +08:00 [INF] HTTP GET /api/membership-applications responded 200 in 327.6381 ms
2026-09-14 09:38:44.057 +08:00 [INF] HTTP GET /api/members responded 200 in 72.5234 ms
2026-09-14 09:38:45.443 +08:00 [INF] HTTP GET /api/membership-applications responded 200 in 60.1960 ms
2026-09-14 09:38:47.722 +08:00 [INF] HTTP GET /api/membership-applications/7 responded 200 in 145.4727 ms
2026-09-14 09:38:52.842 +08:00 [INF] HTTP POST /api/membership-applications/7/approve responded 200 in 235.9954 ms
2026-09-14 09:38:52.911 +08:00 [INF] HTTP GET /api/membership-applications/7 responded 200 in 59.6422 ms
2026-09-14 09:39:31.124 +08:00 [INF] HTTP GET /api/members responded 200 in 65.1417 ms
2026-09-14 09:39:35.737 +08:00 [INF] HTTP GET /api/membership-applications responded 200 in 61.6083 ms
2026-09-14 09:54:12.604 +08:00 [DBG] Hosting starting
2026-09-14 09:54:12.968 +08:00 [INF] Now listening on: https://localhost:5443
2026-09-14 09:54:12.969 +08:00 [INF] Now listening on: http://localhost:5080
2026-09-14 09:54:12.969 +08:00 [INF] Application started. Press Ctrl+C to shut down.
2026-09-14 09:54:12.969 +08:00 [INF] Hosting environment: Development
2026-09-14 09:54:12.969 +08:00 [INF] Content root path: D:\PROJECTS\AIS\src\Akrho.Api
2026-09-14 09:54:12.969 +08:00 [DBG] Hosting started
2026-09-14 09:54:27.557 +08:00 [INF] HTTP POST /api/auth/sign-in responded 200 in 2615.5661 ms
2026-09-14 09:54:27.923 +08:00 [INF] HTTP POST /api/auth/sign-in responded 200 in 309.1828 ms
2026-09-14 09:54:28.267 +08:00 [INF] HTTP GET /api/corrective-action-categories responded 200 in 115.2527 ms
2026-09-14 09:54:28.410 +08:00 [ERR] HTTP GET /api/chapters/1/corrective-actions responded 500 in 71.8387 ms
System.InvalidOperationException: A parameterless default constructor or one matching signature (System.Int32 CaseId, System.Int32 ChapterId, System.Int32 MemberId, System.String GiftName, System.String MemberNumber, System.Int32 CategoryId, System.String CategoryName, System.String StatusName, System.DateTime DateFiled, System.DateTime ResolutionDate, System.Int32 CanSeeNarrative, System.String Content, System.String ResolutionNotes, System.Int32 FiledBy, System.String FiledByGiftName, System.Int32 TotalCount) is required for Akrho.Infrastructure.Repositories.CorrectiveActionListRow materialization
   at Dapper.SqlMapper.GenerateDeserializerFromMap(Type type, DbDataReader reader, Int32 startBound, Int32 length, Boolean returnNullIfFirstMissing, ILGenerator il) in /_/Dapper/SqlMapper.cs:line 3473
   at Dapper.SqlMapper.GetTypeDeserializerImpl(Type type, DbDataReader reader, Int32 startBound, Int32 length, Boolean returnNullIfFirstMissing) in /_/Dapper/SqlMapper.cs:line 3304
   at Dapper.SqlMapper.TypeDeserializerCache.GetReader(DbDataReader reader, Int32 startBound, Int32 length, Boolean returnNullIfFirstMissing) in /_/Dapper/SqlMapper.TypeDeserializerCache.cs:line 151
   at Dapper.SqlMapper.TypeDeserializerCache.GetReader(Type type, DbDataReader reader, Int32 startBound, Int32 length, Boolean returnNullIfFirstMissing) in /_/Dapper/SqlMapper.TypeDeserializerCache.cs:line 50
   at Dapper.SqlMapper.GetTypeDeserializer(Type type, DbDataReader reader, Int32 startBound, Int32 length, Boolean returnNullIfFirstMissing) in /_/Dapper/SqlMapper.cs:line 3258
   at Dapper.SqlMapper.GetDeserializer(Type type, DbDataReader reader, Int32 startBound, Int32 length, Boolean returnNullIfFirstMissing) in /_/Dapper/SqlMapper.cs:line 1945
   at Dapper.SqlMapper.QueryAsync[T](IDbConnection cnn, Type effectiveType, CommandDefinition command) in /_/Dapper/SqlMapper.Async.cs:line 442
   at Akrho.Infrastructure.Repositories.CorrectiveActionRepository.GetByChapterAsync(Int32 chapterId, Int32 requestingMemberId, Int32 skip, Int32 take, CancellationToken ct) in D:\PROJECTS\AIS\src\Akrho.Infrastructure\Repositories\CorrectiveActionRepository.cs:line 172
   at Akrho.Api.Features.Discipline.CorrectiveActionsEndpoints.List(Int32 chapterId, CorrectiveActionListRequest req, ICorrectiveActionRepository repo, ICurrentUser caller, IScopeGuard scope, CancellationToken ct) in D:\PROJECTS\AIS\src\Akrho.Api\Features\Discipline\CorrectiveActionsEndpoints.cs:line 51
   at Microsoft.AspNetCore.Http.RequestDelegateFactory.ExecuteTaskResult[T](Task`1 task, HttpContext httpContext)
   at Microsoft.AspNetCore.Authorization.AuthorizationMiddleware.Invoke(HttpContext context)
   at Microsoft.AspNetCore.Authentication.AuthenticationMiddleware.Invoke(HttpContext context)
   at Swashbuckle.AspNetCore.SwaggerUI.SwaggerUIMiddleware.Invoke(HttpContext httpContext)
   at Swashbuckle.AspNetCore.Swagger.SwaggerMiddleware.Invoke(HttpContext httpContext, ISwaggerProvider swaggerProvider)
   at Serilog.AspNetCore.RequestLoggingMiddleware.Invoke(HttpContext httpContext)
2026-09-14 09:54:28.430 +08:00 [ERR] An unhandled exception has occurred while executing the request.
System.InvalidOperationException: A parameterless default constructor or one matching signature (System.Int32 CaseId, System.Int32 ChapterId, System.Int32 MemberId, System.String GiftName, System.String MemberNumber, System.Int32 CategoryId, System.String CategoryName, System.String StatusName, System.DateTime DateFiled, System.DateTime ResolutionDate, System.Int32 CanSeeNarrative, System.String Content, System.String ResolutionNotes, System.Int32 FiledBy, System.String FiledByGiftName, System.Int32 TotalCount) is required for Akrho.Infrastructure.Repositories.CorrectiveActionListRow materialization
   at Dapper.SqlMapper.GenerateDeserializerFromMap(Type type, DbDataReader reader, Int32 startBound, Int32 length, Boolean returnNullIfFirstMissing, ILGenerator il) in /_/Dapper/SqlMapper.cs:line 3473
   at Dapper.SqlMapper.GetTypeDeserializerImpl(Type type, DbDataReader reader, Int32 startBound, Int32 length, Boolean returnNullIfFirstMissing) in /_/Dapper/SqlMapper.cs:line 3304
   at Dapper.SqlMapper.TypeDeserializerCache.GetReader(DbDataReader reader, Int32 startBound, Int32 length, Boolean returnNullIfFirstMissing) in /_/Dapper/SqlMapper.TypeDeserializerCache.cs:line 151
   at Dapper.SqlMapper.TypeDeserializerCache.GetReader(Type type, DbDataReader reader, Int32 startBound, Int32 length, Boolean returnNullIfFirstMissing) in /_/Dapper/SqlMapper.TypeDeserializerCache.cs:line 50
   at Dapper.SqlMapper.GetTypeDeserializer(Type type, DbDataReader reader, Int32 startBound, Int32 length, Boolean returnNullIfFirstMissing) in /_/Dapper/SqlMapper.cs:line 3258
   at Dapper.SqlMapper.GetDeserializer(Type type, DbDataReader reader, Int32 startBound, Int32 length, Boolean returnNullIfFirstMissing) in /_/Dapper/SqlMapper.cs:line 1945
   at Dapper.SqlMapper.QueryAsync[T](IDbConnection cnn, Type effectiveType, CommandDefinition command) in /_/Dapper/SqlMapper.Async.cs:line 442
   at Akrho.Infrastructure.Repositories.CorrectiveActionRepository.GetByChapterAsync(Int32 chapterId, Int32 requestingMemberId, Int32 skip, Int32 take, CancellationToken ct) in D:\PROJECTS\AIS\src\Akrho.Infrastructure\Repositories\CorrectiveActionRepository.cs:line 172
   at Akrho.Api.Features.Discipline.CorrectiveActionsEndpoints.List(Int32 chapterId, CorrectiveActionListRequest req, ICorrectiveActionRepository repo, ICurrentUser caller, IScopeGuard scope, CancellationToken ct) in D:\PROJECTS\AIS\src\Akrho.Api\Features\Discipline\CorrectiveActionsEndpoints.cs:line 51
   at Microsoft.AspNetCore.Http.RequestDelegateFactory.ExecuteTaskResult[T](Task`1 task, HttpContext httpContext)
   at Microsoft.AspNetCore.Authorization.AuthorizationMiddleware.Invoke(HttpContext context)
   at Microsoft.AspNetCore.Authentication.AuthenticationMiddleware.Invoke(HttpContext context)
   at Swashbuckle.AspNetCore.SwaggerUI.SwaggerUIMiddleware.Invoke(HttpContext httpContext)
   at Swashbuckle.AspNetCore.Swagger.SwaggerMiddleware.Invoke(HttpContext httpContext, ISwaggerProvider swaggerProvider)
   at Serilog.AspNetCore.RequestLoggingMiddleware.Invoke(HttpContext httpContext)
   at Microsoft.AspNetCore.Diagnostics.ExceptionHandlerMiddlewareImpl.<Invoke>g__Awaited|10_0(ExceptionHandlerMiddlewareImpl middleware, HttpContext context, Task task)
2026-09-14 09:54:28.435 +08:00 [ERR] Unhandled error on /api/chapters/1/corrective-actions
System.InvalidOperationException: A parameterless default constructor or one matching signature (System.Int32 CaseId, System.Int32 ChapterId, System.Int32 MemberId, System.String GiftName, System.String MemberNumber, System.Int32 CategoryId, System.String CategoryName, System.String StatusName, System.DateTime DateFiled, System.DateTime ResolutionDate, System.Int32 CanSeeNarrative, System.String Content, System.String ResolutionNotes, System.Int32 FiledBy, System.String FiledByGiftName, System.Int32 TotalCount) is required for Akrho.Infrastructure.Repositories.CorrectiveActionListRow materialization
   at Dapper.SqlMapper.GenerateDeserializerFromMap(Type type, DbDataReader reader, Int32 startBound, Int32 length, Boolean returnNullIfFirstMissing, ILGenerator il) in /_/Dapper/SqlMapper.cs:line 3473
   at Dapper.SqlMapper.GetTypeDeserializerImpl(Type type, DbDataReader reader, Int32 startBound, Int32 length, Boolean returnNullIfFirstMissing) in /_/Dapper/SqlMapper.cs:line 3304
   at Dapper.SqlMapper.TypeDeserializerCache.GetReader(DbDataReader reader, Int32 startBound, Int32 length, Boolean returnNullIfFirstMissing) in /_/Dapper/SqlMapper.TypeDeserializerCache.cs:line 151
   at Dapper.SqlMapper.TypeDeserializerCache.GetReader(Type type, DbDataReader reader, Int32 startBound, Int32 length, Boolean returnNullIfFirstMissing) in /_/Dapper/SqlMapper.TypeDeserializerCache.cs:line 50
   at Dapper.SqlMapper.GetTypeDeserializer(Type type, DbDataReader reader, Int32 startBound, Int32 length, Boolean returnNullIfFirstMissing) in /_/Dapper/SqlMapper.cs:line 3258
   at Dapper.SqlMapper.GetDeserializer(Type type, DbDataReader reader, Int32 startBound, Int32 length, Boolean returnNullIfFirstMissing) in /_/Dapper/SqlMapper.cs:line 1945
   at Dapper.SqlMapper.QueryAsync[T](IDbConnection cnn, Type effectiveType, CommandDefinition command) in /_/Dapper/SqlMapper.Async.cs:line 442
   at Akrho.Infrastructure.Repositories.CorrectiveActionRepository.GetByChapterAsync(Int32 chapterId, Int32 requestingMemberId, Int32 skip, Int32 take, CancellationToken ct) in D:\PROJECTS\AIS\src\Akrho.Infrastructure\Repositories\CorrectiveActionRepository.cs:line 172
   at Akrho.Api.Features.Discipline.CorrectiveActionsEndpoints.List(Int32 chapterId, CorrectiveActionListRequest req, ICorrectiveActionRepository repo, ICurrentUser caller, IScopeGuard scope, CancellationToken ct) in D:\PROJECTS\AIS\src\Akrho.Api\Features\Discipline\CorrectiveActionsEndpoints.cs:line 51
   at Microsoft.AspNetCore.Http.RequestDelegateFactory.ExecuteTaskResult[T](Task`1 task, HttpContext httpContext)
   at Microsoft.AspNetCore.Authorization.AuthorizationMiddleware.Invoke(HttpContext context)
   at Microsoft.AspNetCore.Authentication.AuthenticationMiddleware.Invoke(HttpContext context)
   at Swashbuckle.AspNetCore.SwaggerUI.SwaggerUIMiddleware.Invoke(HttpContext httpContext)
   at Swashbuckle.AspNetCore.Swagger.SwaggerMiddleware.Invoke(HttpContext httpContext, ISwaggerProvider swaggerProvider)
   at Serilog.AspNetCore.RequestLoggingMiddleware.Invoke(HttpContext httpContext)
   at Microsoft.AspNetCore.Diagnostics.ExceptionHandlerMiddlewareImpl.<Invoke>g__Awaited|10_0(ExceptionHandlerMiddlewareImpl middleware, HttpContext context, Task task)
2026-09-14 09:54:28.571 +08:00 [ERR] HTTP GET /api/chapters/1/corrective-actions responded 500 in 63.7653 ms
System.InvalidOperationException: A parameterless default constructor or one matching signature (System.Int32 CaseId, System.Int32 ChapterId, System.Int32 MemberId, System.String GiftName, System.String MemberNumber, System.Int32 CategoryId, System.String CategoryName, System.String StatusName, System.DateTime DateFiled, System.DateTime ResolutionDate, System.Int32 CanSeeNarrative, System.String Content, System.String ResolutionNotes, System.Int32 FiledBy, System.String FiledByGiftName, System.Int32 TotalCount) is required for Akrho.Infrastructure.Repositories.CorrectiveActionListRow materialization
   at Dapper.SqlMapper.GenerateDeserializerFromMap(Type type, DbDataReader reader, Int32 startBound, Int32 length, Boolean returnNullIfFirstMissing, ILGenerator il) in /_/Dapper/SqlMapper.cs:line 3473
   at Dapper.SqlMapper.GetTypeDeserializerImpl(Type type, DbDataReader reader, Int32 startBound, Int32 length, Boolean returnNullIfFirstMissing) in /_/Dapper/SqlMapper.cs:line 3304
   at Dapper.SqlMapper.TypeDeserializerCache.GetReader(DbDataReader reader, Int32 startBound, Int32 length, Boolean returnNullIfFirstMissing) in /_/Dapper/SqlMapper.TypeDeserializerCache.cs:line 151
   at Dapper.SqlMapper.TypeDeserializerCache.GetReader(Type type, DbDataReader reader, Int32 startBound, Int32 length, Boolean returnNullIfFirstMissing) in /_/Dapper/SqlMapper.TypeDeserializerCache.cs:line 50
   at Dapper.SqlMapper.GetTypeDeserializer(Type type, DbDataReader reader, Int32 startBound, Int32 length, Boolean returnNullIfFirstMissing) in /_/Dapper/SqlMapper.cs:line 3258
   at Dapper.SqlMapper.GetDeserializer(Type type, DbDataReader reader, Int32 startBound, Int32 length, Boolean returnNullIfFirstMissing) in /_/Dapper/SqlMapper.cs:line 1945
   at Dapper.SqlMapper.QueryAsync[T](IDbConnection cnn, Type effectiveType, CommandDefinition command) in /_/Dapper/SqlMapper.Async.cs:line 442
   at Akrho.Infrastructure.Repositories.CorrectiveActionRepository.GetByChapterAsync(Int32 chapterId, Int32 requestingMemberId, Int32 skip, Int32 take, CancellationToken ct) in D:\PROJECTS\AIS\src\Akrho.Infrastructure\Repositories\CorrectiveActionRepository.cs:line 172
   at Akrho.Api.Features.Discipline.CorrectiveActionsEndpoints.List(Int32 chapterId, CorrectiveActionListRequest req, ICorrectiveActionRepository repo, ICurrentUser caller, IScopeGuard scope, CancellationToken ct) in D:\PROJECTS\AIS\src\Akrho.Api\Features\Discipline\CorrectiveActionsEndpoints.cs:line 51
   at Microsoft.AspNetCore.Http.RequestDelegateFactory.ExecuteTaskResult[T](Task`1 task, HttpContext httpContext)
   at Microsoft.AspNetCore.Authorization.AuthorizationMiddleware.Invoke(HttpContext context)
   at Microsoft.AspNetCore.Authentication.AuthenticationMiddleware.Invoke(HttpContext context)
   at Swashbuckle.AspNetCore.SwaggerUI.SwaggerUIMiddleware.Invoke(HttpContext httpContext)
   at Swashbuckle.AspNetCore.Swagger.SwaggerMiddleware.Invoke(HttpContext httpContext, ISwaggerProvider swaggerProvider)
   at Serilog.AspNetCore.RequestLoggingMiddleware.Invoke(HttpContext httpContext)
2026-09-14 09:54:28.573 +08:00 [ERR] An unhandled exception has occurred while executing the request.
System.InvalidOperationException: A parameterless default constructor or one matching signature (System.Int32 CaseId, System.Int32 ChapterId, System.Int32 MemberId, System.String GiftName, System.String MemberNumber, System.Int32 CategoryId, System.String CategoryName, System.String StatusName, System.DateTime DateFiled, System.DateTime ResolutionDate, System.Int32 CanSeeNarrative, System.String Content, System.String ResolutionNotes, System.Int32 FiledBy, System.String FiledByGiftName, System.Int32 TotalCount) is required for Akrho.Infrastructure.Repositories.CorrectiveActionListRow materialization
   at Dapper.SqlMapper.GenerateDeserializerFromMap(Type type, DbDataReader reader, Int32 startBound, Int32 length, Boolean returnNullIfFirstMissing, ILGenerator il) in /_/Dapper/SqlMapper.cs:line 3473
   at Dapper.SqlMapper.GetTypeDeserializerImpl(Type type, DbDataReader reader, Int32 startBound, Int32 length, Boolean returnNullIfFirstMissing) in /_/Dapper/SqlMapper.cs:line 3304
   at Dapper.SqlMapper.TypeDeserializerCache.GetReader(DbDataReader reader, Int32 startBound, Int32 length, Boolean returnNullIfFirstMissing) in /_/Dapper/SqlMapper.TypeDeserializerCache.cs:line 151
   at Dapper.SqlMapper.TypeDeserializerCache.GetReader(Type type, DbDataReader reader, Int32 startBound, Int32 length, Boolean returnNullIfFirstMissing) in /_/Dapper/SqlMapper.TypeDeserializerCache.cs:line 50
   at Dapper.SqlMapper.GetTypeDeserializer(Type type, DbDataReader reader, Int32 startBound, Int32 length, Boolean returnNullIfFirstMissing) in /_/Dapper/SqlMapper.cs:line 3258
   at Dapper.SqlMapper.GetDeserializer(Type type, DbDataReader reader, Int32 startBound, Int32 length, Boolean returnNullIfFirstMissing) in /_/Dapper/SqlMapper.cs:line 1945
   at Dapper.SqlMapper.QueryAsync[T](IDbConnection cnn, Type effectiveType, CommandDefinition command) in /_/Dapper/SqlMapper.Async.cs:line 442
   at Akrho.Infrastructure.Repositories.CorrectiveActionRepository.GetByChapterAsync(Int32 chapterId, Int32 requestingMemberId, Int32 skip, Int32 take, CancellationToken ct) in D:\PROJECTS\AIS\src\Akrho.Infrastructure\Repositories\CorrectiveActionRepository.cs:line 172
   at Akrho.Api.Features.Discipline.CorrectiveActionsEndpoints.List(Int32 chapterId, CorrectiveActionListRequest req, ICorrectiveActionRepository repo, ICurrentUser caller, IScopeGuard scope, CancellationToken ct) in D:\PROJECTS\AIS\src\Akrho.Api\Features\Discipline\CorrectiveActionsEndpoints.cs:line 51
   at Microsoft.AspNetCore.Http.RequestDelegateFactory.ExecuteTaskResult[T](Task`1 task, HttpContext httpContext)
   at Microsoft.AspNetCore.Authorization.AuthorizationMiddleware.Invoke(HttpContext context)
   at Microsoft.AspNetCore.Authentication.AuthenticationMiddleware.Invoke(HttpContext context)
   at Swashbuckle.AspNetCore.SwaggerUI.SwaggerUIMiddleware.Invoke(HttpContext httpContext)
   at Swashbuckle.AspNetCore.Swagger.SwaggerMiddleware.Invoke(HttpContext httpContext, ISwaggerProvider swaggerProvider)
   at Serilog.AspNetCore.RequestLoggingMiddleware.Invoke(HttpContext httpContext)
   at Microsoft.AspNetCore.Diagnostics.ExceptionHandlerMiddlewareImpl.<Invoke>g__Awaited|10_0(ExceptionHandlerMiddlewareImpl middleware, HttpContext context, Task task)
2026-09-14 09:54:28.574 +08:00 [ERR] Unhandled error on /api/chapters/1/corrective-actions
System.InvalidOperationException: A parameterless default constructor or one matching signature (System.Int32 CaseId, System.Int32 ChapterId, System.Int32 MemberId, System.String GiftName, System.String MemberNumber, System.Int32 CategoryId, System.String CategoryName, System.String StatusName, System.DateTime DateFiled, System.DateTime ResolutionDate, System.Int32 CanSeeNarrative, System.String Content, System.String ResolutionNotes, System.Int32 FiledBy, System.String FiledByGiftName, System.Int32 TotalCount) is required for Akrho.Infrastructure.Repositories.CorrectiveActionListRow materialization
   at Dapper.SqlMapper.GenerateDeserializerFromMap(Type type, DbDataReader reader, Int32 startBound, Int32 length, Boolean returnNullIfFirstMissing, ILGenerator il) in /_/Dapper/SqlMapper.cs:line 3473
   at Dapper.SqlMapper.GetTypeDeserializerImpl(Type type, DbDataReader reader, Int32 startBound, Int32 length, Boolean returnNullIfFirstMissing) in /_/Dapper/SqlMapper.cs:line 3304
   at Dapper.SqlMapper.TypeDeserializerCache.GetReader(DbDataReader reader, Int32 startBound, Int32 length, Boolean returnNullIfFirstMissing) in /_/Dapper/SqlMapper.TypeDeserializerCache.cs:line 151
   at Dapper.SqlMapper.TypeDeserializerCache.GetReader(Type type, DbDataReader reader, Int32 startBound, Int32 length, Boolean returnNullIfFirstMissing) in /_/Dapper/SqlMapper.TypeDeserializerCache.cs:line 50
   at Dapper.SqlMapper.GetTypeDeserializer(Type type, DbDataReader reader, Int32 startBound, Int32 length, Boolean returnNullIfFirstMissing) in /_/Dapper/SqlMapper.cs:line 3258
   at Dapper.SqlMapper.GetDeserializer(Type type, DbDataReader reader, Int32 startBound, Int32 length, Boolean returnNullIfFirstMissing) in /_/Dapper/SqlMapper.cs:line 1945
   at Dapper.SqlMapper.QueryAsync[T](IDbConnection cnn, Type effectiveType, CommandDefinition command) in /_/Dapper/SqlMapper.Async.cs:line 442
   at Akrho.Infrastructure.Repositories.CorrectiveActionRepository.GetByChapterAsync(Int32 chapterId, Int32 requestingMemberId, Int32 skip, Int32 take, CancellationToken ct) in D:\PROJECTS\AIS\src\Akrho.Infrastructure\Repositories\CorrectiveActionRepository.cs:line 172
   at Akrho.Api.Features.Discipline.CorrectiveActionsEndpoints.List(Int32 chapterId, CorrectiveActionListRequest req, ICorrectiveActionRepository repo, ICurrentUser caller, IScopeGuard scope, CancellationToken ct) in D:\PROJECTS\AIS\src\Akrho.Api\Features\Discipline\CorrectiveActionsEndpoints.cs:line 51
   at Microsoft.AspNetCore.Http.RequestDelegateFactory.ExecuteTaskResult[T](Task`1 task, HttpContext httpContext)
   at Microsoft.AspNetCore.Authorization.AuthorizationMiddleware.Invoke(HttpContext context)
   at Microsoft.AspNetCore.Authentication.AuthenticationMiddleware.Invoke(HttpContext context)
   at Swashbuckle.AspNetCore.SwaggerUI.SwaggerUIMiddleware.Invoke(HttpContext httpContext)
   at Swashbuckle.AspNetCore.Swagger.SwaggerMiddleware.Invoke(HttpContext httpContext, ISwaggerProvider swaggerProvider)
   at Serilog.AspNetCore.RequestLoggingMiddleware.Invoke(HttpContext httpContext)
   at Microsoft.AspNetCore.Diagnostics.ExceptionHandlerMiddlewareImpl.<Invoke>g__Awaited|10_0(ExceptionHandlerMiddlewareImpl middleware, HttpContext context, Task task)
2026-09-14 09:54:59.925 +08:00 [INF] HTTP GET /api/chapters/1/corrective-actions responded 200 in 112.5578 ms
2026-09-14 09:55:00.037 +08:00 [INF] HTTP GET /api/chapters/1/corrective-actions responded 200 in 61.3341 ms
2026-09-14 09:55:00.177 +08:00 [INF] HTTP GET /api/chapters/1/corrective-actions/1 responded 200 in 73.0383 ms
2026-09-14 09:55:12.428 +08:00 [INF] HTTP POST /api/chapters/1/corrective-actions responded 200 in 108.0365 ms
2026-09-14 09:55:12.613 +08:00 [INF] HTTP POST /api/chapters/1/corrective-actions responded 403 in 1.4165 ms
2026-09-14 09:55:12.752 +08:00 [INF] HTTP POST /api/chapters/1/corrective-actions/2/updates responded 200 in 70.0864 ms
2026-09-14 09:58:01.884 +08:00 [INF] HTTP GET /api/membership-applications responded 401 in 3.9577 ms
2026-09-14 09:58:02.104 +08:00 [INF] HTTP POST /api/auth/refresh responded 200 in 210.0679 ms
2026-09-14 09:58:02.207 +08:00 [INF] HTTP GET /api/membership-applications responded 200 in 95.4530 ms
2026-09-14 09:59:28.189 +08:00 [INF] HTTP POST /api/auth/refresh responded 200 in 122.5016 ms
2026-09-14 09:59:28.347 +08:00 [INF] HTTP POST /api/auth/refresh responded 401 in 279.7451 ms
2026-09-14 09:59:32.074 +08:00 [INF] HTTP POST /api/auth/refresh responded 401 in 0.1714 ms
2026-09-14 09:59:32.079 +08:00 [INF] HTTP POST /api/auth/refresh responded 401 in 0.1818 ms
2026-09-14 09:59:38.996 +08:00 [INF] HTTP POST /api/auth/refresh responded 401 in 0.1521 ms
2026-09-14 09:59:38.997 +08:00 [INF] HTTP POST /api/auth/refresh responded 401 in 0.2719 ms
2026-09-14 10:04:56.561 +08:00 [INF] HTTP POST /api/auth/sign-in responded 200 in 609.7473 ms
2026-09-14 10:05:02.133 +08:00 [INF] HTTP POST /api/auth/sign-in responded 200 in 364.6318 ms
2026-09-14 10:05:02.286 +08:00 [INF] HTTP GET /api/chapters/1/corrective-actions responded 401 in 0.3023 ms
2026-09-14 10:05:09.333 +08:00 [INF] HTTP POST /api/auth/sign-in responded 200 in 338.6343 ms
2026-09-14 10:05:09.548 +08:00 [INF] HTTP GET /api/chapters/1/corrective-actions responded 200 in 78.1796 ms
2026-09-14 10:05:09.676 +08:00 [INF] HTTP GET /api/chapters/1/corrective-actions/1 responded 200 in 71.4594 ms
2026-09-14 10:05:09.822 +08:00 [INF] HTTP GET /api/corrective-action-categories responded 200 in 64.5119 ms
2026-09-14 10:05:17.796 +08:00 [INF] HTTP POST /api/auth/sign-in responded 200 in 418.8247 ms
2026-09-14 10:05:18.035 +08:00 [INF] HTTP GET /api/chapters/1/corrective-actions responded 200 in 67.0183 ms
2026-09-14 10:05:18.165 +08:00 [INF] HTTP GET /api/chapters/1/corrective-actions/1 responded 200 in 67.9049 ms
2026-09-14 10:05:18.250 +08:00 [INF] HTTP POST /api/chapters/1/corrective-actions responded 403 in 0.3987 ms
2026-09-14 10:34:36.159 +08:00 [DBG] Hosting starting
2026-09-14 10:34:36.492 +08:00 [INF] Now listening on: https://localhost:5443
2026-09-14 10:34:36.493 +08:00 [INF] Now listening on: http://localhost:5080
2026-09-14 10:34:36.494 +08:00 [INF] Application started. Press Ctrl+C to shut down.
2026-09-14 10:34:36.494 +08:00 [INF] Hosting environment: Development
2026-09-14 10:34:36.494 +08:00 [INF] Content root path: D:\PROJECTS\AIS\src\Akrho.Api
2026-09-14 10:34:36.494 +08:00 [DBG] Hosting started
2026-09-14 10:34:48.719 +08:00 [INF] HTTP POST /api/auth/sign-in responded 200 in 965.1411 ms
2026-09-14 10:34:48.991 +08:00 [INF] HTTP GET /api/chapters/1/dashboard responded 200 in 121.8704 ms
2026-09-14 10:34:49.316 +08:00 [INF] HTTP GET /api/members responded 200 in 260.7366 ms
2026-09-14 10:41:35.188 +08:00 [INF] HTTP POST /api/auth/refresh responded 401 in 3.4787 ms
2026-09-14 10:41:35.188 +08:00 [INF] HTTP POST /api/auth/refresh responded 401 in 3.4859 ms
2026-09-14 10:41:37.157 +08:00 [INF] HTTP POST /api/auth/refresh responded 401 in 0.9700 ms
2026-09-14 10:41:37.157 +08:00 [INF] HTTP POST /api/auth/refresh responded 401 in 0.1190 ms
2026-09-14 10:41:39.178 +08:00 [INF] HTTP POST /api/auth/refresh responded 401 in 0.1669 ms
2026-09-14 10:41:39.179 +08:00 [INF] HTTP POST /api/auth/refresh responded 401 in 0.1729 ms
2026-09-14 13:00:58.704 +08:00 [INF] HTTP POST /api/auth/refresh responded 401 in 0.8515 ms
2026-09-14 13:00:58.704 +08:00 [INF] HTTP POST /api/auth/refresh responded 401 in 0.6236 ms
2026-09-14 13:01:07.526 +08:00 [INF] HTTP POST /api/auth/sign-in responded 200 in 743.1196 ms
2026-09-14 13:01:07.602 +08:00 [INF] HTTP GET /api/auth/me responded 200 in 65.2635 ms
2026-09-14 13:01:21.040 +08:00 [INF] HTTP GET /api/members responded 200 in 95.2834 ms
2026-09-14 13:01:22.285 +08:00 [INF] HTTP GET /api/chapters/1/meetings responded 200 in 94.9859 ms
2026-09-14 13:01:23.200 +08:00 [INF] HTTP GET /api/chapters/1/ledger responded 200 in 108.8404 ms
2026-09-14 13:01:28.137 +08:00 [INF] HTTP GET /api/chapters/1/announcements responded 200 in 91.2657 ms
2026-09-14 13:01:49.866 +08:00 [INF] HTTP GET /api/chapters/1/corrective-actions responded 200 in 65.8061 ms
2026-09-14 13:01:51.755 +08:00 [INF] HTTP GET /api/chapters/1/corrective-actions/2 responded 200 in 66.5169 ms
2026-09-14 13:01:53.622 +08:00 [INF] HTTP GET /api/members responded 200 in 66.6646 ms
2026-09-14 13:01:56.680 +08:00 [INF] HTTP GET /api/chapters/1/ledger responded 200 in 60.0189 ms
2026-09-14 13:01:59.432 +08:00 [INF] HTTP GET /api/chapters/1/activities responded 200 in 78.1182 ms
2026-09-14 13:02:07.945 +08:00 [INF] HTTP POST /api/auth/sign-out responded 200 in 80.5555 ms
2026-09-14 13:02:19.662 +08:00 [INF] HTTP POST /api/auth/sign-in responded 200 in 317.6393 ms
2026-09-14 13:02:19.729 +08:00 [INF] HTTP GET /api/auth/me responded 200 in 56.8752 ms
2026-09-14 13:02:19.826 +08:00 [INF] HTTP GET /api/membership-applications responded 200 in 75.6680 ms
2026-09-14 13:02:23.965 +08:00 [INF] HTTP GET /api/members responded 200 in 60.4819 ms
2026-09-14 13:02:25.060 +08:00 [INF] HTTP GET /api/chapters/1/meetings responded 200 in 57.9020 ms
2026-09-14 13:02:28.107 +08:00 [INF] HTTP GET /api/membership-applications responded 200 in 69.8588 ms
2026-09-14 13:02:29.066 +08:00 [INF] HTTP GET /api/chapters/1/announcements responded 200 in 70.0918 ms
2026-09-14 13:02:31.300 +08:00 [INF] HTTP POST /api/auth/sign-out responded 200 in 81.1052 ms
2026-09-14 13:03:18.365 +08:00 [INF] HTTP GET /swagger/index.html responded 200 in 30.3272 ms
2026-09-14 13:03:39.930 +08:00 [INF] HTTP POST /api/auth/refresh responded 401 in 0.4522 ms
2026-09-14 13:03:39.930 +08:00 [INF] HTTP POST /api/auth/refresh responded 401 in 0.1849 ms
2026-09-14 13:03:46.801 +08:00 [INF] HTTP POST /api/auth/sign-in responded 401 in 245.5924 ms
2026-09-14 13:03:55.681 +08:00 [INF] HTTP POST /api/auth/sign-in responded 200 in 317.9341 ms
2026-09-14 13:03:55.747 +08:00 [INF] HTTP GET /api/auth/me responded 200 in 57.1225 ms
2026-09-14 13:03:55.835 +08:00 [INF] HTTP GET /api/members responded 200 in 64.6937 ms
2026-09-14 13:03:59.033 +08:00 [INF] HTTP GET /api/chapters/1/ledger responded 200 in 59.8397 ms
2026-09-14 13:04:02.842 +08:00 [INF] HTTP GET /api/chapters/1/meetings responded 200 in 61.1148 ms
2026-09-14 13:04:09.723 +08:00 [INF] HTTP POST /api/auth/sign-out responded 200 in 86.7156 ms
2026-09-14 13:05:40.050 +08:00 [INF] HTTP POST /api/auth/sign-in responded 400 in 20.1036 ms
2026-09-14 13:05:40.275 +08:00 [INF] HTTP GET /api/chapters/1/dashboard responded 401 in 3.2035 ms
2026-09-14 13:05:48.760 +08:00 [INF] HTTP POST /api/auth/sign-in responded 200 in 307.6595 ms
2026-09-14 13:05:49.033 +08:00 [INF] HTTP GET /api/chapters/1/dashboard responded 401 in 0.1901 ms
2026-09-14 13:05:54.523 +08:00 [INF] HTTP GET /api/chapters/1/dashboard responded 200 in 75.1688 ms
2026-09-14 13:38:07.141 +08:00 [INF] HTTP POST /api/auth/refresh responded 401 in 0.2254 ms
2026-09-14 13:38:07.141 +08:00 [INF] HTTP POST /api/auth/refresh responded 401 in 0.0710 ms
2026-09-14 13:38:16.663 +08:00 [INF] HTTP POST /api/auth/sign-in responded 200 in 613.2916 ms
2026-09-14 13:38:16.734 +08:00 [INF] HTTP GET /api/auth/me responded 200 in 60.7753 ms
2026-09-14 13:38:16.829 +08:00 [INF] HTTP GET /api/chapters/1/ledger responded 200 in 69.4048 ms
2026-09-14 13:38:19.035 +08:00 [INF] HTTP GET /api/chapters/1/activities responded 200 in 96.5263 ms
2026-09-14 13:38:21.144 +08:00 [INF] HTTP GET /api/chapters/1/activities responded 200 in 68.5454 ms
2026-09-14 13:38:21.450 +08:00 [INF] HTTP GET /api/chapters/1/expenses responded 200 in 373.7243 ms
2026-09-14 13:38:22.205 +08:00 [INF] HTTP GET /api/chapters/1/donations responded 200 in 90.5719 ms
2026-09-14 13:38:45.233 +08:00 [INF] HTTP GET /api/members responded 200 in 86.7706 ms
2026-09-14 13:38:48.712 +08:00 [INF] HTTP GET /api/chapters/1/meetings responded 200 in 88.2321 ms
2026-09-14 13:38:53.353 +08:00 [INF] HTTP GET /api/chapters/1/ledger responded 200 in 65.0052 ms
2026-09-14 13:39:19.514 +08:00 [INF] HTTP POST /api/auth/sign-out responded 200 in 72.2399 ms
2026-09-14 13:39:31.678 +08:00 [INF] HTTP POST /api/auth/sign-in responded 200 in 450.1697 ms
2026-09-14 13:39:31.750 +08:00 [INF] HTTP GET /api/auth/me responded 200 in 62.2466 ms
2026-09-14 13:39:31.835 +08:00 [INF] HTTP GET /api/chapters/1/ledger responded 200 in 65.0256 ms
2026-09-14 13:39:42.601 +08:00 [INF] HTTP GET /api/members responded 200 in 67.4673 ms
2026-09-14 13:39:48.695 +08:00 [INF] HTTP GET /api/chapters/1/meetings responded 200 in 70.3165 ms
2026-09-14 13:39:52.354 +08:00 [INF] HTTP GET /api/chapters/1/activities responded 200 in 69.7958 ms
2026-09-14 13:39:53.044 +08:00 [INF] HTTP GET /api/chapters/1/expenses responded 200 in 69.0945 ms
2026-09-14 13:39:53.045 +08:00 [INF] HTTP GET /api/chapters/1/activities responded 200 in 70.9101 ms
2026-09-14 13:39:53.683 +08:00 [INF] HTTP GET /api/chapters/1/donations responded 200 in 66.4501 ms
2026-09-14 13:39:58.972 +08:00 [INF] HTTP POST /api/auth/sign-out responded 200 in 161.1401 ms
2026-09-14 13:41:19.647 +08:00 [INF] HTTP POST /api/auth/refresh responded 401 in 0.1331 ms
2026-09-14 13:41:19.647 +08:00 [INF] HTTP POST /api/auth/refresh responded 401 in 0.0727 ms
2026-09-14 13:41:27.367 +08:00 [INF] HTTP POST /api/auth/sign-in responded 200 in 332.5296 ms
2026-09-14 13:41:27.436 +08:00 [INF] HTTP GET /api/auth/me responded 200 in 58.7591 ms
2026-09-14 13:41:27.530 +08:00 [INF] HTTP GET /api/members responded 200 in 64.4942 ms
2026-09-14 13:41:34.832 +08:00 [INF] HTTP GET /api/chapters/1/corrective-actions responded 200 in 92.5349 ms
2026-09-14 13:41:36.798 +08:00 [INF] HTTP GET /api/chapters/1/corrective-actions/2 responded 200 in 70.7111 ms
2026-09-14 13:41:40.518 +08:00 [INF] HTTP GET /api/chapters/1/meetings responded 200 in 58.6627 ms
2026-09-14 13:41:41.757 +08:00 [INF] HTTP GET /api/chapters/1/meetings/2 responded 200 in 130.0824 ms
2026-09-14 13:41:46.430 +08:00 [INF] HTTP GET /api/chapters/1/ledger responded 200 in 69.8453 ms
2026-09-14 13:41:51.107 +08:00 [INF] HTTP GET /api/chapters/1/activities responded 200 in 60.0690 ms
2026-09-14 13:41:51.715 +08:00 [INF] HTTP GET /api/chapters/1/activities responded 200 in 75.7244 ms
2026-09-14 13:41:51.716 +08:00 [INF] HTTP GET /api/chapters/1/expenses responded 200 in 75.5711 ms
2026-09-14 13:41:52.288 +08:00 [INF] HTTP GET /api/chapters/1/donations responded 200 in 68.0601 ms
2026-09-14 13:41:59.743 +08:00 [INF] HTTP POST /api/auth/sign-out responded 200 in 67.9144 ms
2026-09-14 13:42:13.672 +08:00 [INF] HTTP POST /api/auth/sign-in responded 200 in 360.1048 ms
2026-09-14 13:42:13.744 +08:00 [INF] HTTP GET /api/auth/me responded 200 in 63.3681 ms
2026-09-14 13:42:13.834 +08:00 [INF] HTTP GET /api/membership-applications responded 200 in 68.3572 ms
2026-09-14 13:42:22.878 +08:00 [INF] HTTP POST /api/auth/sign-out responded 200 in 81.2320 ms
2026-09-14 13:42:30.700 +08:00 [INF] HTTP POST /api/auth/refresh responded 401 in 0.1859 ms
2026-09-14 13:42:30.701 +08:00 [INF] HTTP POST /api/auth/refresh responded 401 in 0.1133 ms
2026-09-14 13:42:39.307 +08:00 [INF] HTTP POST /api/auth/sign-in responded 200 in 335.1724 ms
2026-09-14 13:42:39.383 +08:00 [INF] HTTP GET /api/auth/me responded 200 in 65.9890 ms
2026-09-14 13:42:39.480 +08:00 [INF] HTTP GET /api/chapters/1/meetings responded 200 in 65.2892 ms
2026-09-14 13:42:39.482 +08:00 [INF] HTTP GET /api/chapters/1/announcements responded 200 in 66.8187 ms
2026-09-14 13:42:42.740 +08:00 [INF] HTTP GET /api/chapters/1/dashboard responded 200 in 72.7345 ms
2026-09-14 13:43:59.462 +08:00 [INF] HTTP GET /api/members responded 200 in 91.1712 ms
2026-09-14 13:44:01.159 +08:00 [INF] HTTP GET /api/chapters/1/meetings responded 200 in 69.2249 ms
2026-09-14 13:44:02.021 +08:00 [INF] HTTP GET /api/chapters/1/ledger responded 200 in 104.4212 ms
2026-09-14 13:44:04.682 +08:00 [INF] HTTP GET /api/chapters/1/announcements responded 200 in 70.2396 ms
2026-09-14 13:44:08.044 +08:00 [INF] HTTP GET /api/chapters/1/announcements responded 200 in 59.2571 ms
2026-09-14 13:44:08.047 +08:00 [INF] HTTP GET /api/chapters/1/meetings responded 200 in 62.8472 ms
2026-09-14 13:44:19.877 +08:00 [INF] HTTP GET /api/blood-types responded 200 in 64.8616 ms
2026-09-14 13:44:19.907 +08:00 [INF] HTTP GET /api/members/me responded 200 in 98.2042 ms
2026-09-14 13:44:20.004 +08:00 [INF] HTTP GET /api/members/2/photo responded 200 in 87.1926 ms
2026-09-14 13:44:20.106 +08:00 [INF] HTTP GET /api/skills responded 200 in 292.0625 ms
2026-09-14 21:01:43.890 +08:00 [DBG] Hosting starting
2026-09-14 21:01:44.319 +08:00 [INF] Now listening on: https://localhost:5443
2026-09-14 21:01:44.320 +08:00 [INF] Now listening on: http://localhost:5080
2026-09-14 21:01:44.320 +08:00 [INF] Application started. Press Ctrl+C to shut down.
2026-09-14 21:01:44.320 +08:00 [INF] Hosting environment: Development
2026-09-14 21:01:44.320 +08:00 [INF] Content root path: D:\PROJECTS\AIS\src\Akrho.Api
2026-09-14 21:01:44.320 +08:00 [DBG] Hosting started
2026-09-14 21:01:56.610 +08:00 [INF] HTTP GET /swagger/index.html responded 200 in 79.1181 ms
2026-09-14 21:50:58.600 +08:00 [INF] HTTP POST /api/auth/refresh responded 401 in 925.3742 ms
2026-09-14 21:50:58.600 +08:00 [INF] HTTP POST /api/auth/refresh responded 401 in 925.3587 ms
2026-09-14 21:51:24.625 +08:00 [INF] HTTP POST /api/auth/refresh responded 401 in 2.3473 ms
2026-09-14 21:51:24.625 +08:00 [INF] HTTP POST /api/auth/refresh responded 401 in 2.3730 ms
2026-09-14 21:54:58.367 +08:00 [ERR] HTTP POST /api/auth/sign-in responded 500 in 16139.9115 ms
Microsoft.Data.SqlClient.SqlException (0x80131904): A network-related or instance-specific error occurred while establishing a connection to SQL Server. The server was not found or was not accessible. Verify that the instance name is correct and that SQL Server is configured to allow remote connections. (provider: TCP Provider, error: 0 - The wait operation timed out.)
 ---> System.ComponentModel.Win32Exception (258): The wait operation timed out.
   at Microsoft.Data.SqlClient.SqlInternalConnection.OnError(SqlException exception, Boolean breakConnection, Action`1 wrapCloseInAction)
   at Microsoft.Data.SqlClient.TdsParser.ThrowExceptionAndWarning(TdsParserStateObject stateObj, SqlCommand command, Boolean callerHasConnectionLock, Boolean asyncClose)
   at Microsoft.Data.SqlClient.TdsParser.Connect(ServerInfo serverInfo, SqlInternalConnectionTds connHandler, TimeoutTimer timeout, SqlConnectionString connectionOptions, Boolean withFailover)
   at Microsoft.Data.SqlClient.SqlInternalConnectionTds.AttemptOneLogin(ServerInfo serverInfo, String newPassword, SecureString newSecurePassword, TimeoutTimer timeout, Boolean withFailover)
   at Microsoft.Data.SqlClient.SqlInternalConnectionTds.LoginNoFailover(ServerInfo serverInfo, String newPassword, SecureString newSecurePassword, Boolean redirectedUserInstance, SqlConnectionString connectionOptions, SqlCredential credential, TimeoutTimer timeout)
   at Microsoft.Data.SqlClient.SqlInternalConnectionTds.OpenLoginEnlist(TimeoutTimer timeout, SqlConnectionString connectionOptions, SqlCredential credential, String newPassword, SecureString newSecurePassword, Boolean redirectedUserInstance)
   at Microsoft.Data.SqlClient.SqlInternalConnectionTds..ctor(DbConnectionPoolIdentity identity, SqlConnectionString connectionOptions, SqlCredential credential, Object providerInfo, String newPassword, SecureString newSecurePassword, Boolean redirectedUserInstance, SqlConnectionString userConnectionOptions, SessionData reconnectSessionData, Boolean applyTransientFaultHandling, String accessToken, DbConnectionPool pool, Func`3 accessTokenCallback)
   at Microsoft.Data.SqlClient.SqlConnectionFactory.CreateConnection(DbConnectionOptions options, DbConnectionPoolKey poolKey, Object poolGroupProviderInfo, DbConnectionPool pool, DbConnection owningConnection, DbConnectionOptions userOptions)
   at Microsoft.Data.ProviderBase.DbConnectionFactory.CreatePooledConnection(DbConnectionPool pool, DbConnection owningObject, DbConnectionOptions options, DbConnectionPoolKey poolKey, DbConnectionOptions userOptions)
   at Microsoft.Data.ProviderBase.DbConnectionPool.CreateObject(DbConnection owningObject, DbConnectionOptions userOptions, DbConnectionInternal oldConnection)
   at Microsoft.Data.ProviderBase.DbConnectionPool.UserCreateRequest(DbConnection owningObject, DbConnectionOptions userOptions, DbConnectionInternal oldConnection)
   at Microsoft.Data.ProviderBase.DbConnectionPool.TryGetConnection(DbConnection owningObject, UInt32 waitForMultipleObjectsTimeout, Boolean allowCreate, Boolean onlyOneCheckConnection, DbConnectionOptions userOptions, DbConnectionInternal& connection)
   at Microsoft.Data.ProviderBase.DbConnectionPool.WaitForPendingOpen()
--- End of stack trace from previous location ---
   at Akrho.Infrastructure.SqlConnectionFactory.OpenAsync(CancellationToken ct) in D:\PROJECTS\AIS\src\Akrho.Infrastructure\SqlConnectionFactory.cs:line 16
   at Akrho.Infrastructure.Repositories.AuthRepository.GetAccountForSignInAsync(String memberNumber, CancellationToken ct) in D:\PROJECTS\AIS\src\Akrho.Infrastructure\Repositories\AuthRepository.cs:line 56
   at Akrho.Api.Features.Auth.AuthEndpoints.SignIn(SignInRequest req, HttpContext http, IAuthRepository repo, IPasswordHasherService hasher, IAccessTokenService tokens, IValidator`1 validator, CancellationToken ct) in D:\PROJECTS\AIS\src\Akrho.Api\Features\Auth\AuthEndpoints.cs:line 31
   at Microsoft.AspNetCore.Http.RequestDelegateFactory.ExecuteTaskResult[T](Task`1 task, HttpContext httpContext)
   at Microsoft.AspNetCore.Http.RequestDelegateFactory.<>c__DisplayClass102_2.<<HandleRequestBodyAndCompileRequestDelegateForJson>b__2>d.MoveNext()
--- End of stack trace from previous location ---
   at Microsoft.AspNetCore.Authorization.AuthorizationMiddleware.Invoke(HttpContext context)
   at Microsoft.AspNetCore.Authentication.AuthenticationMiddleware.Invoke(HttpContext context)
   at Microsoft.AspNetCore.RateLimiting.RateLimitingMiddleware.InvokeInternal(HttpContext context, EnableRateLimitingAttribute enableRateLimitingAttribute)
   at Swashbuckle.AspNetCore.SwaggerUI.SwaggerUIMiddleware.Invoke(HttpContext httpContext)
   at Swashbuckle.AspNetCore.Swagger.SwaggerMiddleware.Invoke(HttpContext httpContext, ISwaggerProvider swaggerProvider)
   at Serilog.AspNetCore.RequestLoggingMiddleware.Invoke(HttpContext httpContext)
ClientConnectionId:00000000-0000-0000-0000-000000000000
Error Number:258,State:0,Class:20
2026-09-14 21:54:58.438 +08:00 [ERR] An unhandled exception has occurred while executing the request.
Microsoft.Data.SqlClient.SqlException (0x80131904): A network-related or instance-specific error occurred while establishing a connection to SQL Server. The server was not found or was not accessible. Verify that the instance name is correct and that SQL Server is configured to allow remote connections. (provider: TCP Provider, error: 0 - The wait operation timed out.)
 ---> System.ComponentModel.Win32Exception (258): The wait operation timed out.
   at Microsoft.Data.SqlClient.SqlInternalConnection.OnError(SqlException exception, Boolean breakConnection, Action`1 wrapCloseInAction)
   at Microsoft.Data.SqlClient.TdsParser.ThrowExceptionAndWarning(TdsParserStateObject stateObj, SqlCommand command, Boolean callerHasConnectionLock, Boolean asyncClose)
   at Microsoft.Data.SqlClient.TdsParser.Connect(ServerInfo serverInfo, SqlInternalConnectionTds connHandler, TimeoutTimer timeout, SqlConnectionString connectionOptions, Boolean withFailover)
   at Microsoft.Data.SqlClient.SqlInternalConnectionTds.AttemptOneLogin(ServerInfo serverInfo, String newPassword, SecureString newSecurePassword, TimeoutTimer timeout, Boolean withFailover)
   at Microsoft.Data.SqlClient.SqlInternalConnectionTds.LoginNoFailover(ServerInfo serverInfo, String newPassword, SecureString newSecurePassword, Boolean redirectedUserInstance, SqlConnectionString connectionOptions, SqlCredential credential, TimeoutTimer timeout)
   at Microsoft.Data.SqlClient.SqlInternalConnectionTds.OpenLoginEnlist(TimeoutTimer timeout, SqlConnectionString connectionOptions, SqlCredential credential, String newPassword, SecureString newSecurePassword, Boolean redirectedUserInstance)
   at Microsoft.Data.SqlClient.SqlInternalConnectionTds..ctor(DbConnectionPoolIdentity identity, SqlConnectionString connectionOptions, SqlCredential credential, Object providerInfo, String newPassword, SecureString newSecurePassword, Boolean redirectedUserInstance, SqlConnectionString userConnectionOptions, SessionData reconnectSessionData, Boolean applyTransientFaultHandling, String accessToken, DbConnectionPool pool, Func`3 accessTokenCallback)
   at Microsoft.Data.SqlClient.SqlConnectionFactory.CreateConnection(DbConnectionOptions options, DbConnectionPoolKey poolKey, Object poolGroupProviderInfo, DbConnectionPool pool, DbConnection owningConnection, DbConnectionOptions userOptions)
   at Microsoft.Data.ProviderBase.DbConnectionFactory.CreatePooledConnection(DbConnectionPool pool, DbConnection owningObject, DbConnectionOptions options, DbConnectionPoolKey poolKey, DbConnectionOptions userOptions)
   at Microsoft.Data.ProviderBase.DbConnectionPool.CreateObject(DbConnection owningObject, DbConnectionOptions userOptions, DbConnectionInternal oldConnection)
   at Microsoft.Data.ProviderBase.DbConnectionPool.UserCreateRequest(DbConnection owningObject, DbConnectionOptions userOptions, DbConnectionInternal oldConnection)
   at Microsoft.Data.ProviderBase.DbConnectionPool.TryGetConnection(DbConnection owningObject, UInt32 waitForMultipleObjectsTimeout, Boolean allowCreate, Boolean onlyOneCheckConnection, DbConnectionOptions userOptions, DbConnectionInternal& connection)
   at Microsoft.Data.ProviderBase.DbConnectionPool.WaitForPendingOpen()
--- End of stack trace from previous location ---
   at Akrho.Infrastructure.SqlConnectionFactory.OpenAsync(CancellationToken ct) in D:\PROJECTS\AIS\src\Akrho.Infrastructure\SqlConnectionFactory.cs:line 16
   at Akrho.Infrastructure.Repositories.AuthRepository.GetAccountForSignInAsync(String memberNumber, CancellationToken ct) in D:\PROJECTS\AIS\src\Akrho.Infrastructure\Repositories\AuthRepository.cs:line 56
   at Akrho.Api.Features.Auth.AuthEndpoints.SignIn(SignInRequest req, HttpContext http, IAuthRepository repo, IPasswordHasherService hasher, IAccessTokenService tokens, IValidator`1 validator, CancellationToken ct) in D:\PROJECTS\AIS\src\Akrho.Api\Features\Auth\AuthEndpoints.cs:line 31
   at Microsoft.AspNetCore.Http.RequestDelegateFactory.ExecuteTaskResult[T](Task`1 task, HttpContext httpContext)
   at Microsoft.AspNetCore.Http.RequestDelegateFactory.<>c__DisplayClass102_2.<<HandleRequestBodyAndCompileRequestDelegateForJson>b__2>d.MoveNext()
--- End of stack trace from previous location ---
   at Microsoft.AspNetCore.Authorization.AuthorizationMiddleware.Invoke(HttpContext context)
   at Microsoft.AspNetCore.Authentication.AuthenticationMiddleware.Invoke(HttpContext context)
   at Microsoft.AspNetCore.RateLimiting.RateLimitingMiddleware.InvokeInternal(HttpContext context, EnableRateLimitingAttribute enableRateLimitingAttribute)
   at Swashbuckle.AspNetCore.SwaggerUI.SwaggerUIMiddleware.Invoke(HttpContext httpContext)
   at Swashbuckle.AspNetCore.Swagger.SwaggerMiddleware.Invoke(HttpContext httpContext, ISwaggerProvider swaggerProvider)
   at Serilog.AspNetCore.RequestLoggingMiddleware.Invoke(HttpContext httpContext)
   at Microsoft.AspNetCore.Diagnostics.ExceptionHandlerMiddlewareImpl.<Invoke>g__Awaited|10_0(ExceptionHandlerMiddlewareImpl middleware, HttpContext context, Task task)
ClientConnectionId:00000000-0000-0000-0000-000000000000
Error Number:258,State:0,Class:20
2026-09-14 21:54:58.443 +08:00 [ERR] Unhandled error on /api/auth/sign-in
Microsoft.Data.SqlClient.SqlException (0x80131904): A network-related or instance-specific error occurred while establishing a connection to SQL Server. The server was not found or was not accessible. Verify that the instance name is correct and that SQL Server is configured to allow remote connections. (provider: TCP Provider, error: 0 - The wait operation timed out.)
 ---> System.ComponentModel.Win32Exception (258): The wait operation timed out.
   at Microsoft.Data.SqlClient.SqlInternalConnection.OnError(SqlException exception, Boolean breakConnection, Action`1 wrapCloseInAction)
   at Microsoft.Data.SqlClient.TdsParser.ThrowExceptionAndWarning(TdsParserStateObject stateObj, SqlCommand command, Boolean callerHasConnectionLock, Boolean asyncClose)
   at Microsoft.Data.SqlClient.TdsParser.Connect(ServerInfo serverInfo, SqlInternalConnectionTds connHandler, TimeoutTimer timeout, SqlConnectionString connectionOptions, Boolean withFailover)
   at Microsoft.Data.SqlClient.SqlInternalConnectionTds.AttemptOneLogin(ServerInfo serverInfo, String newPassword, SecureString newSecurePassword, TimeoutTimer timeout, Boolean withFailover)
   at Microsoft.Data.SqlClient.SqlInternalConnectionTds.LoginNoFailover(ServerInfo serverInfo, String newPassword, SecureString newSecurePassword, Boolean redirectedUserInstance, SqlConnectionString connectionOptions, SqlCredential credential, TimeoutTimer timeout)
   at Microsoft.Data.SqlClient.SqlInternalConnectionTds.OpenLoginEnlist(TimeoutTimer timeout, SqlConnectionString connectionOptions, SqlCredential credential, String newPassword, SecureString newSecurePassword, Boolean redirectedUserInstance)
   at Microsoft.Data.SqlClient.SqlInternalConnectionTds..ctor(DbConnectionPoolIdentity identity, SqlConnectionString connectionOptions, SqlCredential credential, Object providerInfo, String newPassword, SecureString newSecurePassword, Boolean redirectedUserInstance, SqlConnectionString userConnectionOptions, SessionData reconnectSessionData, Boolean applyTransientFaultHandling, String accessToken, DbConnectionPool pool, Func`3 accessTokenCallback)
   at Microsoft.Data.SqlClient.SqlConnectionFactory.CreateConnection(DbConnectionOptions options, DbConnectionPoolKey poolKey, Object poolGroupProviderInfo, DbConnectionPool pool, DbConnection owningConnection, DbConnectionOptions userOptions)
   at Microsoft.Data.ProviderBase.DbConnectionFactory.CreatePooledConnection(DbConnectionPool pool, DbConnection owningObject, DbConnectionOptions options, DbConnectionPoolKey poolKey, DbConnectionOptions userOptions)
   at Microsoft.Data.ProviderBase.DbConnectionPool.CreateObject(DbConnection owningObject, DbConnectionOptions userOptions, DbConnectionInternal oldConnection)
   at Microsoft.Data.ProviderBase.DbConnectionPool.UserCreateRequest(DbConnection owningObject, DbConnectionOptions userOptions, DbConnectionInternal oldConnection)
   at Microsoft.Data.ProviderBase.DbConnectionPool.TryGetConnection(DbConnection owningObject, UInt32 waitForMultipleObjectsTimeout, Boolean allowCreate, Boolean onlyOneCheckConnection, DbConnectionOptions userOptions, DbConnectionInternal& connection)
   at Microsoft.Data.ProviderBase.DbConnectionPool.WaitForPendingOpen()
--- End of stack trace from previous location ---
   at Akrho.Infrastructure.SqlConnectionFactory.OpenAsync(CancellationToken ct) in D:\PROJECTS\AIS\src\Akrho.Infrastructure\SqlConnectionFactory.cs:line 16
   at Akrho.Infrastructure.Repositories.AuthRepository.GetAccountForSignInAsync(String memberNumber, CancellationToken ct) in D:\PROJECTS\AIS\src\Akrho.Infrastructure\Repositories\AuthRepository.cs:line 56
   at Akrho.Api.Features.Auth.AuthEndpoints.SignIn(SignInRequest req, HttpContext http, IAuthRepository repo, IPasswordHasherService hasher, IAccessTokenService tokens, IValidator`1 validator, CancellationToken ct) in D:\PROJECTS\AIS\src\Akrho.Api\Features\Auth\AuthEndpoints.cs:line 31
   at Microsoft.AspNetCore.Http.RequestDelegateFactory.ExecuteTaskResult[T](Task`1 task, HttpContext httpContext)
   at Microsoft.AspNetCore.Http.RequestDelegateFactory.<>c__DisplayClass102_2.<<HandleRequestBodyAndCompileRequestDelegateForJson>b__2>d.MoveNext()
--- End of stack trace from previous location ---
   at Microsoft.AspNetCore.Authorization.AuthorizationMiddleware.Invoke(HttpContext context)
   at Microsoft.AspNetCore.Authentication.AuthenticationMiddleware.Invoke(HttpContext context)
   at Microsoft.AspNetCore.RateLimiting.RateLimitingMiddleware.InvokeInternal(HttpContext context, EnableRateLimitingAttribute enableRateLimitingAttribute)
   at Swashbuckle.AspNetCore.SwaggerUI.SwaggerUIMiddleware.Invoke(HttpContext httpContext)
   at Swashbuckle.AspNetCore.Swagger.SwaggerMiddleware.Invoke(HttpContext httpContext, ISwaggerProvider swaggerProvider)
   at Serilog.AspNetCore.RequestLoggingMiddleware.Invoke(HttpContext httpContext)
   at Microsoft.AspNetCore.Diagnostics.ExceptionHandlerMiddlewareImpl.<Invoke>g__Awaited|10_0(ExceptionHandlerMiddlewareImpl middleware, HttpContext context, Task task)
ClientConnectionId:00000000-0000-0000-0000-000000000000
Error Number:258,State:0,Class:20
2026-09-14 21:55:34.558 +08:00 [ERR] HTTP POST /api/auth/sign-in responded 500 in 15021.5070 ms
Microsoft.Data.SqlClient.SqlException (0x80131904): A network-related or instance-specific error occurred while establishing a connection to SQL Server. The server was not found or was not accessible. Verify that the instance name is correct and that SQL Server is configured to allow remote connections. (provider: TCP Provider, error: 0 - The wait operation timed out.)
 ---> System.ComponentModel.Win32Exception (258): The wait operation timed out.
   at Microsoft.Data.SqlClient.SqlInternalConnection.OnError(SqlException exception, Boolean breakConnection, Action`1 wrapCloseInAction)
   at Microsoft.Data.SqlClient.TdsParser.ThrowExceptionAndWarning(TdsParserStateObject stateObj, SqlCommand command, Boolean callerHasConnectionLock, Boolean asyncClose)
   at Microsoft.Data.SqlClient.TdsParser.Connect(ServerInfo serverInfo, SqlInternalConnectionTds connHandler, TimeoutTimer timeout, SqlConnectionString connectionOptions, Boolean withFailover)
   at Microsoft.Data.SqlClient.SqlInternalConnectionTds.AttemptOneLogin(ServerInfo serverInfo, String newPassword, SecureString newSecurePassword, TimeoutTimer timeout, Boolean withFailover)
   at Microsoft.Data.SqlClient.SqlInternalConnectionTds.LoginNoFailover(ServerInfo serverInfo, String newPassword, SecureString newSecurePassword, Boolean redirectedUserInstance, SqlConnectionString connectionOptions, SqlCredential credential, TimeoutTimer timeout)
   at Microsoft.Data.SqlClient.SqlInternalConnectionTds.OpenLoginEnlist(TimeoutTimer timeout, SqlConnectionString connectionOptions, SqlCredential credential, String newPassword, SecureString newSecurePassword, Boolean redirectedUserInstance)
   at Microsoft.Data.SqlClient.SqlInternalConnectionTds..ctor(DbConnectionPoolIdentity identity, SqlConnectionString connectionOptions, SqlCredential credential, Object providerInfo, String newPassword, SecureString newSecurePassword, Boolean redirectedUserInstance, SqlConnectionString userConnectionOptions, SessionData reconnectSessionData, Boolean applyTransientFaultHandling, String accessToken, DbConnectionPool pool, Func`3 accessTokenCallback)
   at Microsoft.Data.SqlClient.SqlConnectionFactory.CreateConnection(DbConnectionOptions options, DbConnectionPoolKey poolKey, Object poolGroupProviderInfo, DbConnectionPool pool, DbConnection owningConnection, DbConnectionOptions userOptions)
   at Microsoft.Data.ProviderBase.DbConnectionFactory.CreatePooledConnection(DbConnectionPool pool, DbConnection owningObject, DbConnectionOptions options, DbConnectionPoolKey poolKey, DbConnectionOptions userOptions)
   at Microsoft.Data.ProviderBase.DbConnectionPool.CreateObject(DbConnection owningObject, DbConnectionOptions userOptions, DbConnectionInternal oldConnection)
   at Microsoft.Data.ProviderBase.DbConnectionPool.UserCreateRequest(DbConnection owningObject, DbConnectionOptions userOptions, DbConnectionInternal oldConnection)
   at Microsoft.Data.ProviderBase.DbConnectionPool.TryGetConnection(DbConnection owningObject, UInt32 waitForMultipleObjectsTimeout, Boolean allowCreate, Boolean onlyOneCheckConnection, DbConnectionOptions userOptions, DbConnectionInternal& connection)
   at Microsoft.Data.ProviderBase.DbConnectionPool.WaitForPendingOpen()
--- End of stack trace from previous location ---
   at Akrho.Infrastructure.SqlConnectionFactory.OpenAsync(CancellationToken ct) in D:\PROJECTS\AIS\src\Akrho.Infrastructure\SqlConnectionFactory.cs:line 16
   at Akrho.Infrastructure.Repositories.AuthRepository.GetAccountForSignInAsync(String memberNumber, CancellationToken ct) in D:\PROJECTS\AIS\src\Akrho.Infrastructure\Repositories\AuthRepository.cs:line 56
   at Akrho.Api.Features.Auth.AuthEndpoints.SignIn(SignInRequest req, HttpContext http, IAuthRepository repo, IPasswordHasherService hasher, IAccessTokenService tokens, IValidator`1 validator, CancellationToken ct) in D:\PROJECTS\AIS\src\Akrho.Api\Features\Auth\AuthEndpoints.cs:line 31
   at Microsoft.AspNetCore.Http.RequestDelegateFactory.ExecuteTaskResult[T](Task`1 task, HttpContext httpContext)
   at Microsoft.AspNetCore.Http.RequestDelegateFactory.<>c__DisplayClass102_2.<<HandleRequestBodyAndCompileRequestDelegateForJson>b__2>d.MoveNext()
--- End of stack trace from previous location ---
   at Microsoft.AspNetCore.Authorization.AuthorizationMiddleware.Invoke(HttpContext context)
   at Microsoft.AspNetCore.Authentication.AuthenticationMiddleware.Invoke(HttpContext context)
   at Microsoft.AspNetCore.RateLimiting.RateLimitingMiddleware.InvokeInternal(HttpContext context, EnableRateLimitingAttribute enableRateLimitingAttribute)
   at Swashbuckle.AspNetCore.SwaggerUI.SwaggerUIMiddleware.Invoke(HttpContext httpContext)
   at Swashbuckle.AspNetCore.Swagger.SwaggerMiddleware.Invoke(HttpContext httpContext, ISwaggerProvider swaggerProvider)
   at Serilog.AspNetCore.RequestLoggingMiddleware.Invoke(HttpContext httpContext)
ClientConnectionId:00000000-0000-0000-0000-000000000000
Error Number:258,State:0,Class:20
2026-09-14 21:55:34.559 +08:00 [ERR] An unhandled exception has occurred while executing the request.
Microsoft.Data.SqlClient.SqlException (0x80131904): A network-related or instance-specific error occurred while establishing a connection to SQL Server. The server was not found or was not accessible. Verify that the instance name is correct and that SQL Server is configured to allow remote connections. (provider: TCP Provider, error: 0 - The wait operation timed out.)
 ---> System.ComponentModel.Win32Exception (258): The wait operation timed out.
   at Microsoft.Data.SqlClient.SqlInternalConnection.OnError(SqlException exception, Boolean breakConnection, Action`1 wrapCloseInAction)
   at Microsoft.Data.SqlClient.TdsParser.ThrowExceptionAndWarning(TdsParserStateObject stateObj, SqlCommand command, Boolean callerHasConnectionLock, Boolean asyncClose)
   at Microsoft.Data.SqlClient.TdsParser.Connect(ServerInfo serverInfo, SqlInternalConnectionTds connHandler, TimeoutTimer timeout, SqlConnectionString connectionOptions, Boolean withFailover)
   at Microsoft.Data.SqlClient.SqlInternalConnectionTds.AttemptOneLogin(ServerInfo serverInfo, String newPassword, SecureString newSecurePassword, TimeoutTimer timeout, Boolean withFailover)
   at Microsoft.Data.SqlClient.SqlInternalConnectionTds.LoginNoFailover(ServerInfo serverInfo, String newPassword, SecureString newSecurePassword, Boolean redirectedUserInstance, SqlConnectionString connectionOptions, SqlCredential credential, TimeoutTimer timeout)
   at Microsoft.Data.SqlClient.SqlInternalConnectionTds.OpenLoginEnlist(TimeoutTimer timeout, SqlConnectionString connectionOptions, SqlCredential credential, String newPassword, SecureString newSecurePassword, Boolean redirectedUserInstance)
   at Microsoft.Data.SqlClient.SqlInternalConnectionTds..ctor(DbConnectionPoolIdentity identity, SqlConnectionString connectionOptions, SqlCredential credential, Object providerInfo, String newPassword, SecureString newSecurePassword, Boolean redirectedUserInstance, SqlConnectionString userConnectionOptions, SessionData reconnectSessionData, Boolean applyTransientFaultHandling, String accessToken, DbConnectionPool pool, Func`3 accessTokenCallback)
   at Microsoft.Data.SqlClient.SqlConnectionFactory.CreateConnection(DbConnectionOptions options, DbConnectionPoolKey poolKey, Object poolGroupProviderInfo, DbConnectionPool pool, DbConnection owningConnection, DbConnectionOptions userOptions)
   at Microsoft.Data.ProviderBase.DbConnectionFactory.CreatePooledConnection(DbConnectionPool pool, DbConnection owningObject, DbConnectionOptions options, DbConnectionPoolKey poolKey, DbConnectionOptions userOptions)
   at Microsoft.Data.ProviderBase.DbConnectionPool.CreateObject(DbConnection owningObject, DbConnectionOptions userOptions, DbConnectionInternal oldConnection)
   at Microsoft.Data.ProviderBase.DbConnectionPool.UserCreateRequest(DbConnection owningObject, DbConnectionOptions userOptions, DbConnectionInternal oldConnection)
   at Microsoft.Data.ProviderBase.DbConnectionPool.TryGetConnection(DbConnection owningObject, UInt32 waitForMultipleObjectsTimeout, Boolean allowCreate, Boolean onlyOneCheckConnection, DbConnectionOptions userOptions, DbConnectionInternal& connection)
   at Microsoft.Data.ProviderBase.DbConnectionPool.WaitForPendingOpen()
--- End of stack trace from previous location ---
   at Akrho.Infrastructure.SqlConnectionFactory.OpenAsync(CancellationToken ct) in D:\PROJECTS\AIS\src\Akrho.Infrastructure\SqlConnectionFactory.cs:line 16
   at Akrho.Infrastructure.Repositories.AuthRepository.GetAccountForSignInAsync(String memberNumber, CancellationToken ct) in D:\PROJECTS\AIS\src\Akrho.Infrastructure\Repositories\AuthRepository.cs:line 56
   at Akrho.Api.Features.Auth.AuthEndpoints.SignIn(SignInRequest req, HttpContext http, IAuthRepository repo, IPasswordHasherService hasher, IAccessTokenService tokens, IValidator`1 validator, CancellationToken ct) in D:\PROJECTS\AIS\src\Akrho.Api\Features\Auth\AuthEndpoints.cs:line 31
   at Microsoft.AspNetCore.Http.RequestDelegateFactory.ExecuteTaskResult[T](Task`1 task, HttpContext httpContext)
   at Microsoft.AspNetCore.Http.RequestDelegateFactory.<>c__DisplayClass102_2.<<HandleRequestBodyAndCompileRequestDelegateForJson>b__2>d.MoveNext()
--- End of stack trace from previous location ---
   at Microsoft.AspNetCore.Authorization.AuthorizationMiddleware.Invoke(HttpContext context)
   at Microsoft.AspNetCore.Authentication.AuthenticationMiddleware.Invoke(HttpContext context)
   at Microsoft.AspNetCore.RateLimiting.RateLimitingMiddleware.InvokeInternal(HttpContext context, EnableRateLimitingAttribute enableRateLimitingAttribute)
   at Swashbuckle.AspNetCore.SwaggerUI.SwaggerUIMiddleware.Invoke(HttpContext httpContext)
   at Swashbuckle.AspNetCore.Swagger.SwaggerMiddleware.Invoke(HttpContext httpContext, ISwaggerProvider swaggerProvider)
   at Serilog.AspNetCore.RequestLoggingMiddleware.Invoke(HttpContext httpContext)
   at Microsoft.AspNetCore.Diagnostics.ExceptionHandlerMiddlewareImpl.<Invoke>g__Awaited|10_0(ExceptionHandlerMiddlewareImpl middleware, HttpContext context, Task task)
ClientConnectionId:00000000-0000-0000-0000-000000000000
Error Number:258,State:0,Class:20
2026-09-14 21:55:34.560 +08:00 [ERR] Unhandled error on /api/auth/sign-in
Microsoft.Data.SqlClient.SqlException (0x80131904): A network-related or instance-specific error occurred while establishing a connection to SQL Server. The server was not found or was not accessible. Verify that the instance name is correct and that SQL Server is configured to allow remote connections. (provider: TCP Provider, error: 0 - The wait operation timed out.)
 ---> System.ComponentModel.Win32Exception (258): The wait operation timed out.
   at Microsoft.Data.SqlClient.SqlInternalConnection.OnError(SqlException exception, Boolean breakConnection, Action`1 wrapCloseInAction)
   at Microsoft.Data.SqlClient.TdsParser.ThrowExceptionAndWarning(TdsParserStateObject stateObj, SqlCommand command, Boolean callerHasConnectionLock, Boolean asyncClose)
   at Microsoft.Data.SqlClient.TdsParser.Connect(ServerInfo serverInfo, SqlInternalConnectionTds connHandler, TimeoutTimer timeout, SqlConnectionString connectionOptions, Boolean withFailover)
   at Microsoft.Data.SqlClient.SqlInternalConnectionTds.AttemptOneLogin(ServerInfo serverInfo, String newPassword, SecureString newSecurePassword, TimeoutTimer timeout, Boolean withFailover)
   at Microsoft.Data.SqlClient.SqlInternalConnectionTds.LoginNoFailover(ServerInfo serverInfo, String newPassword, SecureString newSecurePassword, Boolean redirectedUserInstance, SqlConnectionString connectionOptions, SqlCredential credential, TimeoutTimer timeout)
   at Microsoft.Data.SqlClient.SqlInternalConnectionTds.OpenLoginEnlist(TimeoutTimer timeout, SqlConnectionString connectionOptions, SqlCredential credential, String newPassword, SecureString newSecurePassword, Boolean redirectedUserInstance)
   at Microsoft.Data.SqlClient.SqlInternalConnectionTds..ctor(DbConnectionPoolIdentity identity, SqlConnectionString connectionOptions, SqlCredential credential, Object providerInfo, String newPassword, SecureString newSecurePassword, Boolean redirectedUserInstance, SqlConnectionString userConnectionOptions, SessionData reconnectSessionData, Boolean applyTransientFaultHandling, String accessToken, DbConnectionPool pool, Func`3 accessTokenCallback)
   at Microsoft.Data.SqlClient.SqlConnectionFactory.CreateConnection(DbConnectionOptions options, DbConnectionPoolKey poolKey, Object poolGroupProviderInfo, DbConnectionPool pool, DbConnection owningConnection, DbConnectionOptions userOptions)
   at Microsoft.Data.ProviderBase.DbConnectionFactory.CreatePooledConnection(DbConnectionPool pool, DbConnection owningObject, DbConnectionOptions options, DbConnectionPoolKey poolKey, DbConnectionOptions userOptions)
   at Microsoft.Data.ProviderBase.DbConnectionPool.CreateObject(DbConnection owningObject, DbConnectionOptions userOptions, DbConnectionInternal oldConnection)
   at Microsoft.Data.ProviderBase.DbConnectionPool.UserCreateRequest(DbConnection owningObject, DbConnectionOptions userOptions, DbConnectionInternal oldConnection)
   at Microsoft.Data.ProviderBase.DbConnectionPool.TryGetConnection(DbConnection owningObject, UInt32 waitForMultipleObjectsTimeout, Boolean allowCreate, Boolean onlyOneCheckConnection, DbConnectionOptions userOptions, DbConnectionInternal& connection)
   at Microsoft.Data.ProviderBase.DbConnectionPool.WaitForPendingOpen()
--- End of stack trace from previous location ---
   at Akrho.Infrastructure.SqlConnectionFactory.OpenAsync(CancellationToken ct) in D:\PROJECTS\AIS\src\Akrho.Infrastructure\SqlConnectionFactory.cs:line 16
   at Akrho.Infrastructure.Repositories.AuthRepository.GetAccountForSignInAsync(String memberNumber, CancellationToken ct) in D:\PROJECTS\AIS\src\Akrho.Infrastructure\Repositories\AuthRepository.cs:line 56
   at Akrho.Api.Features.Auth.AuthEndpoints.SignIn(SignInRequest req, HttpContext http, IAuthRepository repo, IPasswordHasherService hasher, IAccessTokenService tokens, IValidator`1 validator, CancellationToken ct) in D:\PROJECTS\AIS\src\Akrho.Api\Features\Auth\AuthEndpoints.cs:line 31
   at Microsoft.AspNetCore.Http.RequestDelegateFactory.ExecuteTaskResult[T](Task`1 task, HttpContext httpContext)
   at Microsoft.AspNetCore.Http.RequestDelegateFactory.<>c__DisplayClass102_2.<<HandleRequestBodyAndCompileRequestDelegateForJson>b__2>d.MoveNext()
--- End of stack trace from previous location ---
   at Microsoft.AspNetCore.Authorization.AuthorizationMiddleware.Invoke(HttpContext context)
   at Microsoft.AspNetCore.Authentication.AuthenticationMiddleware.Invoke(HttpContext context)
   at Microsoft.AspNetCore.RateLimiting.RateLimitingMiddleware.InvokeInternal(HttpContext context, EnableRateLimitingAttribute enableRateLimitingAttribute)
   at Swashbuckle.AspNetCore.SwaggerUI.SwaggerUIMiddleware.Invoke(HttpContext httpContext)
   at Swashbuckle.AspNetCore.Swagger.SwaggerMiddleware.Invoke(HttpContext httpContext, ISwaggerProvider swaggerProvider)
   at Serilog.AspNetCore.RequestLoggingMiddleware.Invoke(HttpContext httpContext)
   at Microsoft.AspNetCore.Diagnostics.ExceptionHandlerMiddlewareImpl.<Invoke>g__Awaited|10_0(ExceptionHandlerMiddlewareImpl middleware, HttpContext context, Task task)
ClientConnectionId:00000000-0000-0000-0000-000000000000
Error Number:258,State:0,Class:20
2026-09-14 21:56:02.497 +08:00 [ERR] HTTP POST /api/auth/sign-in responded 500 in 15000.7474 ms
Microsoft.Data.SqlClient.SqlException (0x80131904): A network-related or instance-specific error occurred while establishing a connection to SQL Server. The server was not found or was not accessible. Verify that the instance name is correct and that SQL Server is configured to allow remote connections. (provider: TCP Provider, error: 0 - The wait operation timed out.)
 ---> System.ComponentModel.Win32Exception (258): The wait operation timed out.
   at Microsoft.Data.SqlClient.SqlInternalConnection.OnError(SqlException exception, Boolean breakConnection, Action`1 wrapCloseInAction)
   at Microsoft.Data.SqlClient.TdsParser.ThrowExceptionAndWarning(TdsParserStateObject stateObj, SqlCommand command, Boolean callerHasConnectionLock, Boolean asyncClose)
   at Microsoft.Data.SqlClient.TdsParser.Connect(ServerInfo serverInfo, SqlInternalConnectionTds connHandler, TimeoutTimer timeout, SqlConnectionString connectionOptions, Boolean withFailover)
   at Microsoft.Data.SqlClient.SqlInternalConnectionTds.AttemptOneLogin(ServerInfo serverInfo, String newPassword, SecureString newSecurePassword, TimeoutTimer timeout, Boolean withFailover)
   at Microsoft.Data.SqlClient.SqlInternalConnectionTds.LoginNoFailover(ServerInfo serverInfo, String newPassword, SecureString newSecurePassword, Boolean redirectedUserInstance, SqlConnectionString connectionOptions, SqlCredential credential, TimeoutTimer timeout)
   at Microsoft.Data.SqlClient.SqlInternalConnectionTds.OpenLoginEnlist(TimeoutTimer timeout, SqlConnectionString connectionOptions, SqlCredential credential, String newPassword, SecureString newSecurePassword, Boolean redirectedUserInstance)
   at Microsoft.Data.SqlClient.SqlInternalConnectionTds..ctor(DbConnectionPoolIdentity identity, SqlConnectionString connectionOptions, SqlCredential credential, Object providerInfo, String newPassword, SecureString newSecurePassword, Boolean redirectedUserInstance, SqlConnectionString userConnectionOptions, SessionData reconnectSessionData, Boolean applyTransientFaultHandling, String accessToken, DbConnectionPool pool, Func`3 accessTokenCallback)
   at Microsoft.Data.SqlClient.SqlConnectionFactory.CreateConnection(DbConnectionOptions options, DbConnectionPoolKey poolKey, Object poolGroupProviderInfo, DbConnectionPool pool, DbConnection owningConnection, DbConnectionOptions userOptions)
   at Microsoft.Data.ProviderBase.DbConnectionFactory.CreatePooledConnection(DbConnectionPool pool, DbConnection owningObject, DbConnectionOptions options, DbConnectionPoolKey poolKey, DbConnectionOptions userOptions)
   at Microsoft.Data.ProviderBase.DbConnectionPool.CreateObject(DbConnection owningObject, DbConnectionOptions userOptions, DbConnectionInternal oldConnection)
   at Microsoft.Data.ProviderBase.DbConnectionPool.UserCreateRequest(DbConnection owningObject, DbConnectionOptions userOptions, DbConnectionInternal oldConnection)
   at Microsoft.Data.ProviderBase.DbConnectionPool.TryGetConnection(DbConnection owningObject, UInt32 waitForMultipleObjectsTimeout, Boolean allowCreate, Boolean onlyOneCheckConnection, DbConnectionOptions userOptions, DbConnectionInternal& connection)
   at Microsoft.Data.ProviderBase.DbConnectionPool.WaitForPendingOpen()
--- End of stack trace from previous location ---
   at Akrho.Infrastructure.SqlConnectionFactory.OpenAsync(CancellationToken ct) in D:\PROJECTS\AIS\src\Akrho.Infrastructure\SqlConnectionFactory.cs:line 16
   at Akrho.Infrastructure.Repositories.AuthRepository.GetAccountForSignInAsync(String memberNumber, CancellationToken ct) in D:\PROJECTS\AIS\src\Akrho.Infrastructure\Repositories\AuthRepository.cs:line 56
   at Akrho.Api.Features.Auth.AuthEndpoints.SignIn(SignInRequest req, HttpContext http, IAuthRepository repo, IPasswordHasherService hasher, IAccessTokenService tokens, IValidator`1 validator, CancellationToken ct) in D:\PROJECTS\AIS\src\Akrho.Api\Features\Auth\AuthEndpoints.cs:line 31
   at Microsoft.AspNetCore.Http.RequestDelegateFactory.ExecuteTaskResult[T](Task`1 task, HttpContext httpContext)
   at Microsoft.AspNetCore.Http.RequestDelegateFactory.<>c__DisplayClass102_2.<<HandleRequestBodyAndCompileRequestDelegateForJson>b__2>d.MoveNext()
--- End of stack trace from previous location ---
   at Microsoft.AspNetCore.Authorization.AuthorizationMiddleware.Invoke(HttpContext context)
   at Microsoft.AspNetCore.Authentication.AuthenticationMiddleware.Invoke(HttpContext context)
   at Microsoft.AspNetCore.RateLimiting.RateLimitingMiddleware.InvokeInternal(HttpContext context, EnableRateLimitingAttribute enableRateLimitingAttribute)
   at Swashbuckle.AspNetCore.SwaggerUI.SwaggerUIMiddleware.Invoke(HttpContext httpContext)
   at Swashbuckle.AspNetCore.Swagger.SwaggerMiddleware.Invoke(HttpContext httpContext, ISwaggerProvider swaggerProvider)
   at Serilog.AspNetCore.RequestLoggingMiddleware.Invoke(HttpContext httpContext)
ClientConnectionId:00000000-0000-0000-0000-000000000000
Error Number:258,State:0,Class:20
2026-09-14 21:56:02.498 +08:00 [ERR] An unhandled exception has occurred while executing the request.
Microsoft.Data.SqlClient.SqlException (0x80131904): A network-related or instance-specific error occurred while establishing a connection to SQL Server. The server was not found or was not accessible. Verify that the instance name is correct and that SQL Server is configured to allow remote connections. (provider: TCP Provider, error: 0 - The wait operation timed out.)
 ---> System.ComponentModel.Win32Exception (258): The wait operation timed out.
   at Microsoft.Data.SqlClient.SqlInternalConnection.OnError(SqlException exception, Boolean breakConnection, Action`1 wrapCloseInAction)
   at Microsoft.Data.SqlClient.TdsParser.ThrowExceptionAndWarning(TdsParserStateObject stateObj, SqlCommand command, Boolean callerHasConnectionLock, Boolean asyncClose)
   at Microsoft.Data.SqlClient.TdsParser.Connect(ServerInfo serverInfo, SqlInternalConnectionTds connHandler, TimeoutTimer timeout, SqlConnectionString connectionOptions, Boolean withFailover)
   at Microsoft.Data.SqlClient.SqlInternalConnectionTds.AttemptOneLogin(ServerInfo serverInfo, String newPassword, SecureString newSecurePassword, TimeoutTimer timeout, Boolean withFailover)
   at Microsoft.Data.SqlClient.SqlInternalConnectionTds.LoginNoFailover(ServerInfo serverInfo, String newPassword, SecureString newSecurePassword, Boolean redirectedUserInstance, SqlConnectionString connectionOptions, SqlCredential credential, TimeoutTimer timeout)
   at Microsoft.Data.SqlClient.SqlInternalConnectionTds.OpenLoginEnlist(TimeoutTimer timeout, SqlConnectionString connectionOptions, SqlCredential credential, String newPassword, SecureString newSecurePassword, Boolean redirectedUserInstance)
   at Microsoft.Data.SqlClient.SqlInternalConnectionTds..ctor(DbConnectionPoolIdentity identity, SqlConnectionString connectionOptions, SqlCredential credential, Object providerInfo, String newPassword, SecureString newSecurePassword, Boolean redirectedUserInstance, SqlConnectionString userConnectionOptions, SessionData reconnectSessionData, Boolean applyTransientFaultHandling, String accessToken, DbConnectionPool pool, Func`3 accessTokenCallback)
   at Microsoft.Data.SqlClient.SqlConnectionFactory.CreateConnection(DbConnectionOptions options, DbConnectionPoolKey poolKey, Object poolGroupProviderInfo, DbConnectionPool pool, DbConnection owningConnection, DbConnectionOptions userOptions)
   at Microsoft.Data.ProviderBase.DbConnectionFactory.CreatePooledConnection(DbConnectionPool pool, DbConnection owningObject, DbConnectionOptions options, DbConnectionPoolKey poolKey, DbConnectionOptions userOptions)
   at Microsoft.Data.ProviderBase.DbConnectionPool.CreateObject(DbConnection owningObject, DbConnectionOptions userOptions, DbConnectionInternal oldConnection)
   at Microsoft.Data.ProviderBase.DbConnectionPool.UserCreateRequest(DbConnection owningObject, DbConnectionOptions userOptions, DbConnectionInternal oldConnection)
   at Microsoft.Data.ProviderBase.DbConnectionPool.TryGetConnection(DbConnection owningObject, UInt32 waitForMultipleObjectsTimeout, Boolean allowCreate, Boolean onlyOneCheckConnection, DbConnectionOptions userOptions, DbConnectionInternal& connection)
   at Microsoft.Data.ProviderBase.DbConnectionPool.WaitForPendingOpen()
--- End of stack trace from previous location ---
   at Akrho.Infrastructure.SqlConnectionFactory.OpenAsync(CancellationToken ct) in D:\PROJECTS\AIS\src\Akrho.Infrastructure\SqlConnectionFactory.cs:line 16
   at Akrho.Infrastructure.Repositories.AuthRepository.GetAccountForSignInAsync(String memberNumber, CancellationToken ct) in D:\PROJECTS\AIS\src\Akrho.Infrastructure\Repositories\AuthRepository.cs:line 56
   at Akrho.Api.Features.Auth.AuthEndpoints.SignIn(SignInRequest req, HttpContext http, IAuthRepository repo, IPasswordHasherService hasher, IAccessTokenService tokens, IValidator`1 validator, CancellationToken ct) in D:\PROJECTS\AIS\src\Akrho.Api\Features\Auth\AuthEndpoints.cs:line 31
   at Microsoft.AspNetCore.Http.RequestDelegateFactory.ExecuteTaskResult[T](Task`1 task, HttpContext httpContext)
   at Microsoft.AspNetCore.Http.RequestDelegateFactory.<>c__DisplayClass102_2.<<HandleRequestBodyAndCompileRequestDelegateForJson>b__2>d.MoveNext()
--- End of stack trace from previous location ---
   at Microsoft.AspNetCore.Authorization.AuthorizationMiddleware.Invoke(HttpContext context)
   at Microsoft.AspNetCore.Authentication.AuthenticationMiddleware.Invoke(HttpContext context)
   at Microsoft.AspNetCore.RateLimiting.RateLimitingMiddleware.InvokeInternal(HttpContext context, EnableRateLimitingAttribute enableRateLimitingAttribute)
   at Swashbuckle.AspNetCore.SwaggerUI.SwaggerUIMiddleware.Invoke(HttpContext httpContext)
   at Swashbuckle.AspNetCore.Swagger.SwaggerMiddleware.Invoke(HttpContext httpContext, ISwaggerProvider swaggerProvider)
   at Serilog.AspNetCore.RequestLoggingMiddleware.Invoke(HttpContext httpContext)
   at Microsoft.AspNetCore.Diagnostics.ExceptionHandlerMiddlewareImpl.<Invoke>g__Awaited|10_0(ExceptionHandlerMiddlewareImpl middleware, HttpContext context, Task task)
ClientConnectionId:00000000-0000-0000-0000-000000000000
Error Number:258,State:0,Class:20
2026-09-14 21:56:02.499 +08:00 [ERR] Unhandled error on /api/auth/sign-in
Microsoft.Data.SqlClient.SqlException (0x80131904): A network-related or instance-specific error occurred while establishing a connection to SQL Server. The server was not found or was not accessible. Verify that the instance name is correct and that SQL Server is configured to allow remote connections. (provider: TCP Provider, error: 0 - The wait operation timed out.)
 ---> System.ComponentModel.Win32Exception (258): The wait operation timed out.
   at Microsoft.Data.SqlClient.SqlInternalConnection.OnError(SqlException exception, Boolean breakConnection, Action`1 wrapCloseInAction)
   at Microsoft.Data.SqlClient.TdsParser.ThrowExceptionAndWarning(TdsParserStateObject stateObj, SqlCommand command, Boolean callerHasConnectionLock, Boolean asyncClose)
   at Microsoft.Data.SqlClient.TdsParser.Connect(ServerInfo serverInfo, SqlInternalConnectionTds connHandler, TimeoutTimer timeout, SqlConnectionString connectionOptions, Boolean withFailover)
   at Microsoft.Data.SqlClient.SqlInternalConnectionTds.AttemptOneLogin(ServerInfo serverInfo, String newPassword, SecureString newSecurePassword, TimeoutTimer timeout, Boolean withFailover)
   at Microsoft.Data.SqlClient.SqlInternalConnectionTds.LoginNoFailover(ServerInfo serverInfo, String newPassword, SecureString newSecurePassword, Boolean redirectedUserInstance, SqlConnectionString connectionOptions, SqlCredential credential, TimeoutTimer timeout)
   at Microsoft.Data.SqlClient.SqlInternalConnectionTds.OpenLoginEnlist(TimeoutTimer timeout, SqlConnectionString connectionOptions, SqlCredential credential, String newPassword, SecureString newSecurePassword, Boolean redirectedUserInstance)
   at Microsoft.Data.SqlClient.SqlInternalConnectionTds..ctor(DbConnectionPoolIdentity identity, SqlConnectionString connectionOptions, SqlCredential credential, Object providerInfo, String newPassword, SecureString newSecurePassword, Boolean redirectedUserInstance, SqlConnectionString userConnectionOptions, SessionData reconnectSessionData, Boolean applyTransientFaultHandling, String accessToken, DbConnectionPool pool, Func`3 accessTokenCallback)
   at Microsoft.Data.SqlClient.SqlConnectionFactory.CreateConnection(DbConnectionOptions options, DbConnectionPoolKey poolKey, Object poolGroupProviderInfo, DbConnectionPool pool, DbConnection owningConnection, DbConnectionOptions userOptions)
   at Microsoft.Data.ProviderBase.DbConnectionFactory.CreatePooledConnection(DbConnectionPool pool, DbConnection owningObject, DbConnectionOptions options, DbConnectionPoolKey poolKey, DbConnectionOptions userOptions)
   at Microsoft.Data.ProviderBase.DbConnectionPool.CreateObject(DbConnection owningObject, DbConnectionOptions userOptions, DbConnectionInternal oldConnection)
   at Microsoft.Data.ProviderBase.DbConnectionPool.UserCreateRequest(DbConnection owningObject, DbConnectionOptions userOptions, DbConnectionInternal oldConnection)
   at Microsoft.Data.ProviderBase.DbConnectionPool.TryGetConnection(DbConnection owningObject, UInt32 waitForMultipleObjectsTimeout, Boolean allowCreate, Boolean onlyOneCheckConnection, DbConnectionOptions userOptions, DbConnectionInternal& connection)
   at Microsoft.Data.ProviderBase.DbConnectionPool.WaitForPendingOpen()
--- End of stack trace from previous location ---
   at Akrho.Infrastructure.SqlConnectionFactory.OpenAsync(CancellationToken ct) in D:\PROJECTS\AIS\src\Akrho.Infrastructure\SqlConnectionFactory.cs:line 16
   at Akrho.Infrastructure.Repositories.AuthRepository.GetAccountForSignInAsync(String memberNumber, CancellationToken ct) in D:\PROJECTS\AIS\src\Akrho.Infrastructure\Repositories\AuthRepository.cs:line 56
   at Akrho.Api.Features.Auth.AuthEndpoints.SignIn(SignInRequest req, HttpContext http, IAuthRepository repo, IPasswordHasherService hasher, IAccessTokenService tokens, IValidator`1 validator, CancellationToken ct) in D:\PROJECTS\AIS\src\Akrho.Api\Features\Auth\AuthEndpoints.cs:line 31
   at Microsoft.AspNetCore.Http.RequestDelegateFactory.ExecuteTaskResult[T](Task`1 task, HttpContext httpContext)
   at Microsoft.AspNetCore.Http.RequestDelegateFactory.<>c__DisplayClass102_2.<<HandleRequestBodyAndCompileRequestDelegateForJson>b__2>d.MoveNext()
--- End of stack trace from previous location ---
   at Microsoft.AspNetCore.Authorization.AuthorizationMiddleware.Invoke(HttpContext context)
   at Microsoft.AspNetCore.Authentication.AuthenticationMiddleware.Invoke(HttpContext context)
   at Microsoft.AspNetCore.RateLimiting.RateLimitingMiddleware.InvokeInternal(HttpContext context, EnableRateLimitingAttribute enableRateLimitingAttribute)
   at Swashbuckle.AspNetCore.SwaggerUI.SwaggerUIMiddleware.Invoke(HttpContext httpContext)
   at Swashbuckle.AspNetCore.Swagger.SwaggerMiddleware.Invoke(HttpContext httpContext, ISwaggerProvider swaggerProvider)
   at Serilog.AspNetCore.RequestLoggingMiddleware.Invoke(HttpContext httpContext)
   at Microsoft.AspNetCore.Diagnostics.ExceptionHandlerMiddlewareImpl.<Invoke>g__Awaited|10_0(ExceptionHandlerMiddlewareImpl middleware, HttpContext context, Task task)
ClientConnectionId:00000000-0000-0000-0000-000000000000
Error Number:258,State:0,Class:20
2026-09-14 21:58:07.386 +08:00 [ERR] HTTP POST /api/auth/sign-in responded 500 in 15017.0216 ms
Microsoft.Data.SqlClient.SqlException (0x80131904): A network-related or instance-specific error occurred while establishing a connection to SQL Server. The server was not found or was not accessible. Verify that the instance name is correct and that SQL Server is configured to allow remote connections. (provider: TCP Provider, error: 0 - The wait operation timed out.)
 ---> System.ComponentModel.Win32Exception (258): The wait operation timed out.
   at Microsoft.Data.SqlClient.SqlInternalConnection.OnError(SqlException exception, Boolean breakConnection, Action`1 wrapCloseInAction)
   at Microsoft.Data.SqlClient.TdsParser.ThrowExceptionAndWarning(TdsParserStateObject stateObj, SqlCommand command, Boolean callerHasConnectionLock, Boolean asyncClose)
   at Microsoft.Data.SqlClient.TdsParser.Connect(ServerInfo serverInfo, SqlInternalConnectionTds connHandler, TimeoutTimer timeout, SqlConnectionString connectionOptions, Boolean withFailover)
   at Microsoft.Data.SqlClient.SqlInternalConnectionTds.AttemptOneLogin(ServerInfo serverInfo, String newPassword, SecureString newSecurePassword, TimeoutTimer timeout, Boolean withFailover)
   at Microsoft.Data.SqlClient.SqlInternalConnectionTds.LoginNoFailover(ServerInfo serverInfo, String newPassword, SecureString newSecurePassword, Boolean redirectedUserInstance, SqlConnectionString connectionOptions, SqlCredential credential, TimeoutTimer timeout)
   at Microsoft.Data.SqlClient.SqlInternalConnectionTds.OpenLoginEnlist(TimeoutTimer timeout, SqlConnectionString connectionOptions, SqlCredential credential, String newPassword, SecureString newSecurePassword, Boolean redirectedUserInstance)
   at Microsoft.Data.SqlClient.SqlInternalConnectionTds..ctor(DbConnectionPoolIdentity identity, SqlConnectionString connectionOptions, SqlCredential credential, Object providerInfo, String newPassword, SecureString newSecurePassword, Boolean redirectedUserInstance, SqlConnectionString userConnectionOptions, SessionData reconnectSessionData, Boolean applyTransientFaultHandling, String accessToken, DbConnectionPool pool, Func`3 accessTokenCallback)
   at Microsoft.Data.SqlClient.SqlConnectionFactory.CreateConnection(DbConnectionOptions options, DbConnectionPoolKey poolKey, Object poolGroupProviderInfo, DbConnectionPool pool, DbConnection owningConnection, DbConnectionOptions userOptions)
   at Microsoft.Data.ProviderBase.DbConnectionFactory.CreatePooledConnection(DbConnectionPool pool, DbConnection owningObject, DbConnectionOptions options, DbConnectionPoolKey poolKey, DbConnectionOptions userOptions)
   at Microsoft.Data.ProviderBase.DbConnectionPool.CreateObject(DbConnection owningObject, DbConnectionOptions userOptions, DbConnectionInternal oldConnection)
   at Microsoft.Data.ProviderBase.DbConnectionPool.UserCreateRequest(DbConnection owningObject, DbConnectionOptions userOptions, DbConnectionInternal oldConnection)
   at Microsoft.Data.ProviderBase.DbConnectionPool.TryGetConnection(DbConnection owningObject, UInt32 waitForMultipleObjectsTimeout, Boolean allowCreate, Boolean onlyOneCheckConnection, DbConnectionOptions userOptions, DbConnectionInternal& connection)
   at Microsoft.Data.ProviderBase.DbConnectionPool.WaitForPendingOpen()
--- End of stack trace from previous location ---
   at Akrho.Infrastructure.SqlConnectionFactory.OpenAsync(CancellationToken ct) in D:\PROJECTS\AIS\src\Akrho.Infrastructure\SqlConnectionFactory.cs:line 16
   at Akrho.Infrastructure.Repositories.AuthRepository.GetAccountForSignInAsync(String memberNumber, CancellationToken ct) in D:\PROJECTS\AIS\src\Akrho.Infrastructure\Repositories\AuthRepository.cs:line 56
   at Akrho.Api.Features.Auth.AuthEndpoints.SignIn(SignInRequest req, HttpContext http, IAuthRepository repo, IPasswordHasherService hasher, IAccessTokenService tokens, IValidator`1 validator, CancellationToken ct) in D:\PROJECTS\AIS\src\Akrho.Api\Features\Auth\AuthEndpoints.cs:line 31
   at Microsoft.AspNetCore.Http.RequestDelegateFactory.ExecuteTaskResult[T](Task`1 task, HttpContext httpContext)
   at Microsoft.AspNetCore.Http.RequestDelegateFactory.<>c__DisplayClass102_2.<<HandleRequestBodyAndCompileRequestDelegateForJson>b__2>d.MoveNext()
--- End of stack trace from previous location ---
   at Microsoft.AspNetCore.Authorization.AuthorizationMiddleware.Invoke(HttpContext context)
   at Microsoft.AspNetCore.Authentication.AuthenticationMiddleware.Invoke(HttpContext context)
   at Microsoft.AspNetCore.RateLimiting.RateLimitingMiddleware.InvokeInternal(HttpContext context, EnableRateLimitingAttribute enableRateLimitingAttribute)
   at Swashbuckle.AspNetCore.SwaggerUI.SwaggerUIMiddleware.Invoke(HttpContext httpContext)
   at Swashbuckle.AspNetCore.Swagger.SwaggerMiddleware.Invoke(HttpContext httpContext, ISwaggerProvider swaggerProvider)
   at Serilog.AspNetCore.RequestLoggingMiddleware.Invoke(HttpContext httpContext)
ClientConnectionId:00000000-0000-0000-0000-000000000000
Error Number:258,State:0,Class:20
2026-09-14 21:58:07.387 +08:00 [ERR] An unhandled exception has occurred while executing the request.
Microsoft.Data.SqlClient.SqlException (0x80131904): A network-related or instance-specific error occurred while establishing a connection to SQL Server. The server was not found or was not accessible. Verify that the instance name is correct and that SQL Server is configured to allow remote connections. (provider: TCP Provider, error: 0 - The wait operation timed out.)
 ---> System.ComponentModel.Win32Exception (258): The wait operation timed out.
   at Microsoft.Data.SqlClient.SqlInternalConnection.OnError(SqlException exception, Boolean breakConnection, Action`1 wrapCloseInAction)
   at Microsoft.Data.SqlClient.TdsParser.ThrowExceptionAndWarning(TdsParserStateObject stateObj, SqlCommand command, Boolean callerHasConnectionLock, Boolean asyncClose)
   at Microsoft.Data.SqlClient.TdsParser.Connect(ServerInfo serverInfo, SqlInternalConnectionTds connHandler, TimeoutTimer timeout, SqlConnectionString connectionOptions, Boolean withFailover)
   at Microsoft.Data.SqlClient.SqlInternalConnectionTds.AttemptOneLogin(ServerInfo serverInfo, String newPassword, SecureString newSecurePassword, TimeoutTimer timeout, Boolean withFailover)
   at Microsoft.Data.SqlClient.SqlInternalConnectionTds.LoginNoFailover(ServerInfo serverInfo, String newPassword, SecureString newSecurePassword, Boolean redirectedUserInstance, SqlConnectionString connectionOptions, SqlCredential credential, TimeoutTimer timeout)
   at Microsoft.Data.SqlClient.SqlInternalConnectionTds.OpenLoginEnlist(TimeoutTimer timeout, SqlConnectionString connectionOptions, SqlCredential credential, String newPassword, SecureString newSecurePassword, Boolean redirectedUserInstance)
   at Microsoft.Data.SqlClient.SqlInternalConnectionTds..ctor(DbConnectionPoolIdentity identity, SqlConnectionString connectionOptions, SqlCredential credential, Object providerInfo, String newPassword, SecureString newSecurePassword, Boolean redirectedUserInstance, SqlConnectionString userConnectionOptions, SessionData reconnectSessionData, Boolean applyTransientFaultHandling, String accessToken, DbConnectionPool pool, Func`3 accessTokenCallback)
   at Microsoft.Data.SqlClient.SqlConnectionFactory.CreateConnection(DbConnectionOptions options, DbConnectionPoolKey poolKey, Object poolGroupProviderInfo, DbConnectionPool pool, DbConnection owningConnection, DbConnectionOptions userOptions)
   at Microsoft.Data.ProviderBase.DbConnectionFactory.CreatePooledConnection(DbConnectionPool pool, DbConnection owningObject, DbConnectionOptions options, DbConnectionPoolKey poolKey, DbConnectionOptions userOptions)
   at Microsoft.Data.ProviderBase.DbConnectionPool.CreateObject(DbConnection owningObject, DbConnectionOptions userOptions, DbConnectionInternal oldConnection)
   at Microsoft.Data.ProviderBase.DbConnectionPool.UserCreateRequest(DbConnection owningObject, DbConnectionOptions userOptions, DbConnectionInternal oldConnection)
   at Microsoft.Data.ProviderBase.DbConnectionPool.TryGetConnection(DbConnection owningObject, UInt32 waitForMultipleObjectsTimeout, Boolean allowCreate, Boolean onlyOneCheckConnection, DbConnectionOptions userOptions, DbConnectionInternal& connection)
   at Microsoft.Data.ProviderBase.DbConnectionPool.WaitForPendingOpen()
--- End of stack trace from previous location ---
   at Akrho.Infrastructure.SqlConnectionFactory.OpenAsync(CancellationToken ct) in D:\PROJECTS\AIS\src\Akrho.Infrastructure\SqlConnectionFactory.cs:line 16
   at Akrho.Infrastructure.Repositories.AuthRepository.GetAccountForSignInAsync(String memberNumber, CancellationToken ct) in D:\PROJECTS\AIS\src\Akrho.Infrastructure\Repositories\AuthRepository.cs:line 56
   at Akrho.Api.Features.Auth.AuthEndpoints.SignIn(SignInRequest req, HttpContext http, IAuthRepository repo, IPasswordHasherService hasher, IAccessTokenService tokens, IValidator`1 validator, CancellationToken ct) in D:\PROJECTS\AIS\src\Akrho.Api\Features\Auth\AuthEndpoints.cs:line 31
   at Microsoft.AspNetCore.Http.RequestDelegateFactory.ExecuteTaskResult[T](Task`1 task, HttpContext httpContext)
   at Microsoft.AspNetCore.Http.RequestDelegateFactory.<>c__DisplayClass102_2.<<HandleRequestBodyAndCompileRequestDelegateForJson>b__2>d.MoveNext()
--- End of stack trace from previous location ---
   at Microsoft.AspNetCore.Authorization.AuthorizationMiddleware.Invoke(HttpContext context)
   at Microsoft.AspNetCore.Authentication.AuthenticationMiddleware.Invoke(HttpContext context)
   at Microsoft.AspNetCore.RateLimiting.RateLimitingMiddleware.InvokeInternal(HttpContext context, EnableRateLimitingAttribute enableRateLimitingAttribute)
   at Swashbuckle.AspNetCore.SwaggerUI.SwaggerUIMiddleware.Invoke(HttpContext httpContext)
   at Swashbuckle.AspNetCore.Swagger.SwaggerMiddleware.Invoke(HttpContext httpContext, ISwaggerProvider swaggerProvider)
   at Serilog.AspNetCore.RequestLoggingMiddleware.Invoke(HttpContext httpContext)
   at Microsoft.AspNetCore.Diagnostics.ExceptionHandlerMiddlewareImpl.<Invoke>g__Awaited|10_0(ExceptionHandlerMiddlewareImpl middleware, HttpContext context, Task task)
ClientConnectionId:00000000-0000-0000-0000-000000000000
Error Number:258,State:0,Class:20
2026-09-14 21:58:07.388 +08:00 [ERR] Unhandled error on /api/auth/sign-in
Microsoft.Data.SqlClient.SqlException (0x80131904): A network-related or instance-specific error occurred while establishing a connection to SQL Server. The server was not found or was not accessible. Verify that the instance name is correct and that SQL Server is configured to allow remote connections. (provider: TCP Provider, error: 0 - The wait operation timed out.)
 ---> System.ComponentModel.Win32Exception (258): The wait operation timed out.
   at Microsoft.Data.SqlClient.SqlInternalConnection.OnError(SqlException exception, Boolean breakConnection, Action`1 wrapCloseInAction)
   at Microsoft.Data.SqlClient.TdsParser.ThrowExceptionAndWarning(TdsParserStateObject stateObj, SqlCommand command, Boolean callerHasConnectionLock, Boolean asyncClose)
   at Microsoft.Data.SqlClient.TdsParser.Connect(ServerInfo serverInfo, SqlInternalConnectionTds connHandler, TimeoutTimer timeout, SqlConnectionString connectionOptions, Boolean withFailover)
   at Microsoft.Data.SqlClient.SqlInternalConnectionTds.AttemptOneLogin(ServerInfo serverInfo, String newPassword, SecureString newSecurePassword, TimeoutTimer timeout, Boolean withFailover)
   at Microsoft.Data.SqlClient.SqlInternalConnectionTds.LoginNoFailover(ServerInfo serverInfo, String newPassword, SecureString newSecurePassword, Boolean redirectedUserInstance, SqlConnectionString connectionOptions, SqlCredential credential, TimeoutTimer timeout)
   at Microsoft.Data.SqlClient.SqlInternalConnectionTds.OpenLoginEnlist(TimeoutTimer timeout, SqlConnectionString connectionOptions, SqlCredential credential, String newPassword, SecureString newSecurePassword, Boolean redirectedUserInstance)
   at Microsoft.Data.SqlClient.SqlInternalConnectionTds..ctor(DbConnectionPoolIdentity identity, SqlConnectionString connectionOptions, SqlCredential credential, Object providerInfo, String newPassword, SecureString newSecurePassword, Boolean redirectedUserInstance, SqlConnectionString userConnectionOptions, SessionData reconnectSessionData, Boolean applyTransientFaultHandling, String accessToken, DbConnectionPool pool, Func`3 accessTokenCallback)
   at Microsoft.Data.SqlClient.SqlConnectionFactory.CreateConnection(DbConnectionOptions options, DbConnectionPoolKey poolKey, Object poolGroupProviderInfo, DbConnectionPool pool, DbConnection owningConnection, DbConnectionOptions userOptions)
   at Microsoft.Data.ProviderBase.DbConnectionFactory.CreatePooledConnection(DbConnectionPool pool, DbConnection owningObject, DbConnectionOptions options, DbConnectionPoolKey poolKey, DbConnectionOptions userOptions)
   at Microsoft.Data.ProviderBase.DbConnectionPool.CreateObject(DbConnection owningObject, DbConnectionOptions userOptions, DbConnectionInternal oldConnection)
   at Microsoft.Data.ProviderBase.DbConnectionPool.UserCreateRequest(DbConnection owningObject, DbConnectionOptions userOptions, DbConnectionInternal oldConnection)
   at Microsoft.Data.ProviderBase.DbConnectionPool.TryGetConnection(DbConnection owningObject, UInt32 waitForMultipleObjectsTimeout, Boolean allowCreate, Boolean onlyOneCheckConnection, DbConnectionOptions userOptions, DbConnectionInternal& connection)
   at Microsoft.Data.ProviderBase.DbConnectionPool.WaitForPendingOpen()
--- End of stack trace from previous location ---
   at Akrho.Infrastructure.SqlConnectionFactory.OpenAsync(CancellationToken ct) in D:\PROJECTS\AIS\src\Akrho.Infrastructure\SqlConnectionFactory.cs:line 16
   at Akrho.Infrastructure.Repositories.AuthRepository.GetAccountForSignInAsync(String memberNumber, CancellationToken ct) in D:\PROJECTS\AIS\src\Akrho.Infrastructure\Repositories\AuthRepository.cs:line 56
   at Akrho.Api.Features.Auth.AuthEndpoints.SignIn(SignInRequest req, HttpContext http, IAuthRepository repo, IPasswordHasherService hasher, IAccessTokenService tokens, IValidator`1 validator, CancellationToken ct) in D:\PROJECTS\AIS\src\Akrho.Api\Features\Auth\AuthEndpoints.cs:line 31
   at Microsoft.AspNetCore.Http.RequestDelegateFactory.ExecuteTaskResult[T](Task`1 task, HttpContext httpContext)
   at Microsoft.AspNetCore.Http.RequestDelegateFactory.<>c__DisplayClass102_2.<<HandleRequestBodyAndCompileRequestDelegateForJson>b__2>d.MoveNext()
--- End of stack trace from previous location ---
   at Microsoft.AspNetCore.Authorization.AuthorizationMiddleware.Invoke(HttpContext context)
   at Microsoft.AspNetCore.Authentication.AuthenticationMiddleware.Invoke(HttpContext context)
   at Microsoft.AspNetCore.RateLimiting.RateLimitingMiddleware.InvokeInternal(HttpContext context, EnableRateLimitingAttribute enableRateLimitingAttribute)
   at Swashbuckle.AspNetCore.SwaggerUI.SwaggerUIMiddleware.Invoke(HttpContext httpContext)
   at Swashbuckle.AspNetCore.Swagger.SwaggerMiddleware.Invoke(HttpContext httpContext, ISwaggerProvider swaggerProvider)
   at Serilog.AspNetCore.RequestLoggingMiddleware.Invoke(HttpContext httpContext)
   at Microsoft.AspNetCore.Diagnostics.ExceptionHandlerMiddlewareImpl.<Invoke>g__Awaited|10_0(ExceptionHandlerMiddlewareImpl middleware, HttpContext context, Task task)
ClientConnectionId:00000000-0000-0000-0000-000000000000
Error Number:258,State:0,Class:20
2026-09-14 22:03:13.235 +08:00 [INF] HTTP POST /api/auth/refresh responded 401 in 0.2475 ms
2026-09-14 22:03:13.235 +08:00 [INF] HTTP POST /api/auth/refresh responded 401 in 0.1181 ms
2026-09-14 22:03:28.250 +08:00 [ERR] HTTP GET /api/enrolment/PIn6GinQYsKVa0UQ7mxWpILqjR4qZs33REozIbZD-Ss responded 500 in 15015.6062 ms
Microsoft.Data.SqlClient.SqlException (0x80131904): A network-related or instance-specific error occurred while establishing a connection to SQL Server. The server was not found or was not accessible. Verify that the instance name is correct and that SQL Server is configured to allow remote connections. (provider: TCP Provider, error: 0 - The wait operation timed out.)
 ---> System.ComponentModel.Win32Exception (258): The wait operation timed out.
   at Microsoft.Data.SqlClient.SqlInternalConnection.OnError(SqlException exception, Boolean breakConnection, Action`1 wrapCloseInAction)
   at Microsoft.Data.SqlClient.TdsParser.ThrowExceptionAndWarning(TdsParserStateObject stateObj, SqlCommand command, Boolean callerHasConnectionLock, Boolean asyncClose)
   at Microsoft.Data.SqlClient.TdsParser.Connect(ServerInfo serverInfo, SqlInternalConnectionTds connHandler, TimeoutTimer timeout, SqlConnectionString connectionOptions, Boolean withFailover)
   at Microsoft.Data.SqlClient.SqlInternalConnectionTds.AttemptOneLogin(ServerInfo serverInfo, String newPassword, SecureString newSecurePassword, TimeoutTimer timeout, Boolean withFailover)
   at Microsoft.Data.SqlClient.SqlInternalConnectionTds.LoginNoFailover(ServerInfo serverInfo, String newPassword, SecureString newSecurePassword, Boolean redirectedUserInstance, SqlConnectionString connectionOptions, SqlCredential credential, TimeoutTimer timeout)
   at Microsoft.Data.SqlClient.SqlInternalConnectionTds.OpenLoginEnlist(TimeoutTimer timeout, SqlConnectionString connectionOptions, SqlCredential credential, String newPassword, SecureString newSecurePassword, Boolean redirectedUserInstance)
   at Microsoft.Data.SqlClient.SqlInternalConnectionTds..ctor(DbConnectionPoolIdentity identity, SqlConnectionString connectionOptions, SqlCredential credential, Object providerInfo, String newPassword, SecureString newSecurePassword, Boolean redirectedUserInstance, SqlConnectionString userConnectionOptions, SessionData reconnectSessionData, Boolean applyTransientFaultHandling, String accessToken, DbConnectionPool pool, Func`3 accessTokenCallback)
   at Microsoft.Data.SqlClient.SqlConnectionFactory.CreateConnection(DbConnectionOptions options, DbConnectionPoolKey poolKey, Object poolGroupProviderInfo, DbConnectionPool pool, DbConnection owningConnection, DbConnectionOptions userOptions)
   at Microsoft.Data.ProviderBase.DbConnectionFactory.CreatePooledConnection(DbConnectionPool pool, DbConnection owningObject, DbConnectionOptions options, DbConnectionPoolKey poolKey, DbConnectionOptions userOptions)
   at Microsoft.Data.ProviderBase.DbConnectionPool.CreateObject(DbConnection owningObject, DbConnectionOptions userOptions, DbConnectionInternal oldConnection)
   at Microsoft.Data.ProviderBase.DbConnectionPool.UserCreateRequest(DbConnection owningObject, DbConnectionOptions userOptions, DbConnectionInternal oldConnection)
   at Microsoft.Data.ProviderBase.DbConnectionPool.TryGetConnection(DbConnection owningObject, UInt32 waitForMultipleObjectsTimeout, Boolean allowCreate, Boolean onlyOneCheckConnection, DbConnectionOptions userOptions, DbConnectionInternal& connection)
   at Microsoft.Data.ProviderBase.DbConnectionPool.WaitForPendingOpen()
--- End of stack trace from previous location ---
   at Akrho.Infrastructure.SqlConnectionFactory.OpenAsync(CancellationToken ct) in D:\PROJECTS\AIS\src\Akrho.Infrastructure\SqlConnectionFactory.cs:line 16
   at Akrho.Infrastructure.Repositories.EnrolmentRepository.GetAsync(Byte[] tokenHash, CancellationToken ct) in D:\PROJECTS\AIS\src\Akrho.Infrastructure\Repositories\EnrolmentRepository.cs:line 38
   at Akrho.Api.Features.Enrolment.EnrolmentEndpoints.Get(String token, IEnrolmentRepository repo, CancellationToken ct) in D:\PROJECTS\AIS\src\Akrho.Api\Features\Enrolment\EnrolmentEndpoints.cs:line 29
   at Microsoft.AspNetCore.Http.RequestDelegateFactory.ExecuteTaskResult[T](Task`1 task, HttpContext httpContext)
   at Microsoft.AspNetCore.Authorization.AuthorizationMiddleware.Invoke(HttpContext context)
   at Microsoft.AspNetCore.Authentication.AuthenticationMiddleware.Invoke(HttpContext context)
   at Swashbuckle.AspNetCore.SwaggerUI.SwaggerUIMiddleware.Invoke(HttpContext httpContext)
   at Swashbuckle.AspNetCore.Swagger.SwaggerMiddleware.Invoke(HttpContext httpContext, ISwaggerProvider swaggerProvider)
   at Serilog.AspNetCore.RequestLoggingMiddleware.Invoke(HttpContext httpContext)
ClientConnectionId:00000000-0000-0000-0000-000000000000
Error Number:258,State:0,Class:20
2026-09-14 22:03:28.251 +08:00 [ERR] An unhandled exception has occurred while executing the request.
Microsoft.Data.SqlClient.SqlException (0x80131904): A network-related or instance-specific error occurred while establishing a connection to SQL Server. The server was not found or was not accessible. Verify that the instance name is correct and that SQL Server is configured to allow remote connections. (provider: TCP Provider, error: 0 - The wait operation timed out.)
 ---> System.ComponentModel.Win32Exception (258): The wait operation timed out.
   at Microsoft.Data.SqlClient.SqlInternalConnection.OnError(SqlException exception, Boolean breakConnection, Action`1 wrapCloseInAction)
   at Microsoft.Data.SqlClient.TdsParser.ThrowExceptionAndWarning(TdsParserStateObject stateObj, SqlCommand command, Boolean callerHasConnectionLock, Boolean asyncClose)
   at Microsoft.Data.SqlClient.TdsParser.Connect(ServerInfo serverInfo, SqlInternalConnectionTds connHandler, TimeoutTimer timeout, SqlConnectionString connectionOptions, Boolean withFailover)
   at Microsoft.Data.SqlClient.SqlInternalConnectionTds.AttemptOneLogin(ServerInfo serverInfo, String newPassword, SecureString newSecurePassword, TimeoutTimer timeout, Boolean withFailover)
   at Microsoft.Data.SqlClient.SqlInternalConnectionTds.LoginNoFailover(ServerInfo serverInfo, String newPassword, SecureString newSecurePassword, Boolean redirectedUserInstance, SqlConnectionString connectionOptions, SqlCredential credential, TimeoutTimer timeout)
   at Microsoft.Data.SqlClient.SqlInternalConnectionTds.OpenLoginEnlist(TimeoutTimer timeout, SqlConnectionString connectionOptions, SqlCredential credential, String newPassword, SecureString newSecurePassword, Boolean redirectedUserInstance)
   at Microsoft.Data.SqlClient.SqlInternalConnectionTds..ctor(DbConnectionPoolIdentity identity, SqlConnectionString connectionOptions, SqlCredential credential, Object providerInfo, String newPassword, SecureString newSecurePassword, Boolean redirectedUserInstance, SqlConnectionString userConnectionOptions, SessionData reconnectSessionData, Boolean applyTransientFaultHandling, String accessToken, DbConnectionPool pool, Func`3 accessTokenCallback)
   at Microsoft.Data.SqlClient.SqlConnectionFactory.CreateConnection(DbConnectionOptions options, DbConnectionPoolKey poolKey, Object poolGroupProviderInfo, DbConnectionPool pool, DbConnection owningConnection, DbConnectionOptions userOptions)
   at Microsoft.Data.ProviderBase.DbConnectionFactory.CreatePooledConnection(DbConnectionPool pool, DbConnection owningObject, DbConnectionOptions options, DbConnectionPoolKey poolKey, DbConnectionOptions userOptions)
   at Microsoft.Data.ProviderBase.DbConnectionPool.CreateObject(DbConnection owningObject, DbConnectionOptions userOptions, DbConnectionInternal oldConnection)
   at Microsoft.Data.ProviderBase.DbConnectionPool.UserCreateRequest(DbConnection owningObject, DbConnectionOptions userOptions, DbConnectionInternal oldConnection)
   at Microsoft.Data.ProviderBase.DbConnectionPool.TryGetConnection(DbConnection owningObject, UInt32 waitForMultipleObjectsTimeout, Boolean allowCreate, Boolean onlyOneCheckConnection, DbConnectionOptions userOptions, DbConnectionInternal& connection)
   at Microsoft.Data.ProviderBase.DbConnectionPool.WaitForPendingOpen()
--- End of stack trace from previous location ---
   at Akrho.Infrastructure.SqlConnectionFactory.OpenAsync(CancellationToken ct) in D:\PROJECTS\AIS\src\Akrho.Infrastructure\SqlConnectionFactory.cs:line 16
   at Akrho.Infrastructure.Repositories.EnrolmentRepository.GetAsync(Byte[] tokenHash, CancellationToken ct) in D:\PROJECTS\AIS\src\Akrho.Infrastructure\Repositories\EnrolmentRepository.cs:line 38
   at Akrho.Api.Features.Enrolment.EnrolmentEndpoints.Get(String token, IEnrolmentRepository repo, CancellationToken ct) in D:\PROJECTS\AIS\src\Akrho.Api\Features\Enrolment\EnrolmentEndpoints.cs:line 29
   at Microsoft.AspNetCore.Http.RequestDelegateFactory.ExecuteTaskResult[T](Task`1 task, HttpContext httpContext)
   at Microsoft.AspNetCore.Authorization.AuthorizationMiddleware.Invoke(HttpContext context)
   at Microsoft.AspNetCore.Authentication.AuthenticationMiddleware.Invoke(HttpContext context)
   at Swashbuckle.AspNetCore.SwaggerUI.SwaggerUIMiddleware.Invoke(HttpContext httpContext)
   at Swashbuckle.AspNetCore.Swagger.SwaggerMiddleware.Invoke(HttpContext httpContext, ISwaggerProvider swaggerProvider)
   at Serilog.AspNetCore.RequestLoggingMiddleware.Invoke(HttpContext httpContext)
   at Microsoft.AspNetCore.Diagnostics.ExceptionHandlerMiddlewareImpl.<Invoke>g__Awaited|10_0(ExceptionHandlerMiddlewareImpl middleware, HttpContext context, Task task)
ClientConnectionId:00000000-0000-0000-0000-000000000000
Error Number:258,State:0,Class:20
2026-09-14 22:03:28.252 +08:00 [ERR] Unhandled error on /api/enrolment/PIn6GinQYsKVa0UQ7mxWpILqjR4qZs33REozIbZD-Ss
Microsoft.Data.SqlClient.SqlException (0x80131904): A network-related or instance-specific error occurred while establishing a connection to SQL Server. The server was not found or was not accessible. Verify that the instance name is correct and that SQL Server is configured to allow remote connections. (provider: TCP Provider, error: 0 - The wait operation timed out.)
 ---> System.ComponentModel.Win32Exception (258): The wait operation timed out.
   at Microsoft.Data.SqlClient.SqlInternalConnection.OnError(SqlException exception, Boolean breakConnection, Action`1 wrapCloseInAction)
   at Microsoft.Data.SqlClient.TdsParser.ThrowExceptionAndWarning(TdsParserStateObject stateObj, SqlCommand command, Boolean callerHasConnectionLock, Boolean asyncClose)
   at Microsoft.Data.SqlClient.TdsParser.Connect(ServerInfo serverInfo, SqlInternalConnectionTds connHandler, TimeoutTimer timeout, SqlConnectionString connectionOptions, Boolean withFailover)
   at Microsoft.Data.SqlClient.SqlInternalConnectionTds.AttemptOneLogin(ServerInfo serverInfo, String newPassword, SecureString newSecurePassword, TimeoutTimer timeout, Boolean withFailover)
   at Microsoft.Data.SqlClient.SqlInternalConnectionTds.LoginNoFailover(ServerInfo serverInfo, String newPassword, SecureString newSecurePassword, Boolean redirectedUserInstance, SqlConnectionString connectionOptions, SqlCredential credential, TimeoutTimer timeout)
   at Microsoft.Data.SqlClient.SqlInternalConnectionTds.OpenLoginEnlist(TimeoutTimer timeout, SqlConnectionString connectionOptions, SqlCredential credential, String newPassword, SecureString newSecurePassword, Boolean redirectedUserInstance)
   at Microsoft.Data.SqlClient.SqlInternalConnectionTds..ctor(DbConnectionPoolIdentity identity, SqlConnectionString connectionOptions, SqlCredential credential, Object providerInfo, String newPassword, SecureString newSecurePassword, Boolean redirectedUserInstance, SqlConnectionString userConnectionOptions, SessionData reconnectSessionData, Boolean applyTransientFaultHandling, String accessToken, DbConnectionPool pool, Func`3 accessTokenCallback)
   at Microsoft.Data.SqlClient.SqlConnectionFactory.CreateConnection(DbConnectionOptions options, DbConnectionPoolKey poolKey, Object poolGroupProviderInfo, DbConnectionPool pool, DbConnection owningConnection, DbConnectionOptions userOptions)
   at Microsoft.Data.ProviderBase.DbConnectionFactory.CreatePooledConnection(DbConnectionPool pool, DbConnection owningObject, DbConnectionOptions options, DbConnectionPoolKey poolKey, DbConnectionOptions userOptions)
   at Microsoft.Data.ProviderBase.DbConnectionPool.CreateObject(DbConnection owningObject, DbConnectionOptions userOptions, DbConnectionInternal oldConnection)
   at Microsoft.Data.ProviderBase.DbConnectionPool.UserCreateRequest(DbConnection owningObject, DbConnectionOptions userOptions, DbConnectionInternal oldConnection)
   at Microsoft.Data.ProviderBase.DbConnectionPool.TryGetConnection(DbConnection owningObject, UInt32 waitForMultipleObjectsTimeout, Boolean allowCreate, Boolean onlyOneCheckConnection, DbConnectionOptions userOptions, DbConnectionInternal& connection)
   at Microsoft.Data.ProviderBase.DbConnectionPool.WaitForPendingOpen()
--- End of stack trace from previous location ---
   at Akrho.Infrastructure.SqlConnectionFactory.OpenAsync(CancellationToken ct) in D:\PROJECTS\AIS\src\Akrho.Infrastructure\SqlConnectionFactory.cs:line 16
   at Akrho.Infrastructure.Repositories.EnrolmentRepository.GetAsync(Byte[] tokenHash, CancellationToken ct) in D:\PROJECTS\AIS\src\Akrho.Infrastructure\Repositories\EnrolmentRepository.cs:line 38
   at Akrho.Api.Features.Enrolment.EnrolmentEndpoints.Get(String token, IEnrolmentRepository repo, CancellationToken ct) in D:\PROJECTS\AIS\src\Akrho.Api\Features\Enrolment\EnrolmentEndpoints.cs:line 29
   at Microsoft.AspNetCore.Http.RequestDelegateFactory.ExecuteTaskResult[T](Task`1 task, HttpContext httpContext)
   at Microsoft.AspNetCore.Authorization.AuthorizationMiddleware.Invoke(HttpContext context)
   at Microsoft.AspNetCore.Authentication.AuthenticationMiddleware.Invoke(HttpContext context)
   at Swashbuckle.AspNetCore.SwaggerUI.SwaggerUIMiddleware.Invoke(HttpContext httpContext)
   at Swashbuckle.AspNetCore.Swagger.SwaggerMiddleware.Invoke(HttpContext httpContext, ISwaggerProvider swaggerProvider)
   at Serilog.AspNetCore.RequestLoggingMiddleware.Invoke(HttpContext httpContext)
   at Microsoft.AspNetCore.Diagnostics.ExceptionHandlerMiddlewareImpl.<Invoke>g__Awaited|10_0(ExceptionHandlerMiddlewareImpl middleware, HttpContext context, Task task)
ClientConnectionId:00000000-0000-0000-0000-000000000000
Error Number:258,State:0,Class:20
2026-09-14 22:03:30.768 +08:00 [ERR] HTTP GET /api/enrolment/PIn6GinQYsKVa0UQ7mxWpILqjR4qZs33REozIbZD-Ss responded 500 in 1.2185 ms
Microsoft.Data.SqlClient.SqlException (0x80131904): A network-related or instance-specific error occurred while establishing a connection to SQL Server. The server was not found or was not accessible. Verify that the instance name is correct and that SQL Server is configured to allow remote connections. (provider: TCP Provider, error: 0 - The wait operation timed out.)
 ---> System.ComponentModel.Win32Exception (258): The wait operation timed out.
   at Microsoft.Data.ProviderBase.DbConnectionPool.TryGetConnection(DbConnection owningObject, UInt32 waitForMultipleObjectsTimeout, Boolean allowCreate, Boolean onlyOneCheckConnection, DbConnectionOptions userOptions, DbConnectionInternal& connection)
   at Microsoft.Data.ProviderBase.DbConnectionPool.TryGetConnection(DbConnection owningObject, TaskCompletionSource`1 retry, DbConnectionOptions userOptions, DbConnectionInternal& connection)
   at Microsoft.Data.ProviderBase.DbConnectionFactory.TryGetConnection(DbConnection owningConnection, TaskCompletionSource`1 retry, DbConnectionOptions userOptions, DbConnectionInternal oldConnection, DbConnectionInternal& connection)
   at Microsoft.Data.ProviderBase.DbConnectionInternal.TryOpenConnectionInternal(DbConnection outerConnection, DbConnectionFactory connectionFactory, TaskCompletionSource`1 retry, DbConnectionOptions userOptions)
   at Microsoft.Data.ProviderBase.DbConnectionClosed.TryOpenConnection(DbConnection outerConnection, DbConnectionFactory connectionFactory, TaskCompletionSource`1 retry, DbConnectionOptions userOptions)
   at Microsoft.Data.SqlClient.SqlConnection.TryOpen(TaskCompletionSource`1 retry, SqlConnectionOverrides overrides)
   at Microsoft.Data.SqlClient.SqlConnection.InternalOpenAsync(CancellationToken cancellationToken)
--- End of stack trace from previous location ---
   at Akrho.Infrastructure.SqlConnectionFactory.OpenAsync(CancellationToken ct) in D:\PROJECTS\AIS\src\Akrho.Infrastructure\SqlConnectionFactory.cs:line 16
   at Akrho.Infrastructure.Repositories.EnrolmentRepository.GetAsync(Byte[] tokenHash, CancellationToken ct) in D:\PROJECTS\AIS\src\Akrho.Infrastructure\Repositories\EnrolmentRepository.cs:line 38
   at Akrho.Api.Features.Enrolment.EnrolmentEndpoints.Get(String token, IEnrolmentRepository repo, CancellationToken ct) in D:\PROJECTS\AIS\src\Akrho.Api\Features\Enrolment\EnrolmentEndpoints.cs:line 29
   at Microsoft.AspNetCore.Http.RequestDelegateFactory.ExecuteTaskResult[T](Task`1 task, HttpContext httpContext)
   at Microsoft.AspNetCore.Authorization.AuthorizationMiddleware.Invoke(HttpContext context)
   at Microsoft.AspNetCore.Authentication.AuthenticationMiddleware.Invoke(HttpContext context)
   at Swashbuckle.AspNetCore.SwaggerUI.SwaggerUIMiddleware.Invoke(HttpContext httpContext)
   at Swashbuckle.AspNetCore.Swagger.SwaggerMiddleware.Invoke(HttpContext httpContext, ISwaggerProvider swaggerProvider)
   at Serilog.AspNetCore.RequestLoggingMiddleware.Invoke(HttpContext httpContext)
ClientConnectionId:00000000-0000-0000-0000-000000000000
Error Number:258,State:0,Class:20
2026-09-14 22:03:30.769 +08:00 [ERR] An unhandled exception has occurred while executing the request.
Microsoft.Data.SqlClient.SqlException (0x80131904): A network-related or instance-specific error occurred while establishing a connection to SQL Server. The server was not found or was not accessible. Verify that the instance name is correct and that SQL Server is configured to allow remote connections. (provider: TCP Provider, error: 0 - The wait operation timed out.)
 ---> System.ComponentModel.Win32Exception (258): The wait operation timed out.
   at Microsoft.Data.ProviderBase.DbConnectionPool.TryGetConnection(DbConnection owningObject, UInt32 waitForMultipleObjectsTimeout, Boolean allowCreate, Boolean onlyOneCheckConnection, DbConnectionOptions userOptions, DbConnectionInternal& connection)
   at Microsoft.Data.ProviderBase.DbConnectionPool.TryGetConnection(DbConnection owningObject, TaskCompletionSource`1 retry, DbConnectionOptions userOptions, DbConnectionInternal& connection)
   at Microsoft.Data.ProviderBase.DbConnectionFactory.TryGetConnection(DbConnection owningConnection, TaskCompletionSource`1 retry, DbConnectionOptions userOptions, DbConnectionInternal oldConnection, DbConnectionInternal& connection)
   at Microsoft.Data.ProviderBase.DbConnectionInternal.TryOpenConnectionInternal(DbConnection outerConnection, DbConnectionFactory connectionFactory, TaskCompletionSource`1 retry, DbConnectionOptions userOptions)
   at Microsoft.Data.ProviderBase.DbConnectionClosed.TryOpenConnection(DbConnection outerConnection, DbConnectionFactory connectionFactory, TaskCompletionSource`1 retry, DbConnectionOptions userOptions)
   at Microsoft.Data.SqlClient.SqlConnection.TryOpen(TaskCompletionSource`1 retry, SqlConnectionOverrides overrides)
   at Microsoft.Data.SqlClient.SqlConnection.InternalOpenAsync(CancellationToken cancellationToken)
--- End of stack trace from previous location ---
   at Akrho.Infrastructure.SqlConnectionFactory.OpenAsync(CancellationToken ct) in D:\PROJECTS\AIS\src\Akrho.Infrastructure\SqlConnectionFactory.cs:line 16
   at Akrho.Infrastructure.Repositories.EnrolmentRepository.GetAsync(Byte[] tokenHash, CancellationToken ct) in D:\PROJECTS\AIS\src\Akrho.Infrastructure\Repositories\EnrolmentRepository.cs:line 38
   at Akrho.Api.Features.Enrolment.EnrolmentEndpoints.Get(String token, IEnrolmentRepository repo, CancellationToken ct) in D:\PROJECTS\AIS\src\Akrho.Api\Features\Enrolment\EnrolmentEndpoints.cs:line 29
   at Microsoft.AspNetCore.Http.RequestDelegateFactory.ExecuteTaskResult[T](Task`1 task, HttpContext httpContext)
   at Microsoft.AspNetCore.Authorization.AuthorizationMiddleware.Invoke(HttpContext context)
   at Microsoft.AspNetCore.Authentication.AuthenticationMiddleware.Invoke(HttpContext context)
   at Swashbuckle.AspNetCore.SwaggerUI.SwaggerUIMiddleware.Invoke(HttpContext httpContext)
   at Swashbuckle.AspNetCore.Swagger.SwaggerMiddleware.Invoke(HttpContext httpContext, ISwaggerProvider swaggerProvider)
   at Serilog.AspNetCore.RequestLoggingMiddleware.Invoke(HttpContext httpContext)
   at Microsoft.AspNetCore.Diagnostics.ExceptionHandlerMiddlewareImpl.<Invoke>g__Awaited|10_0(ExceptionHandlerMiddlewareImpl middleware, HttpContext context, Task task)
ClientConnectionId:00000000-0000-0000-0000-000000000000
Error Number:258,State:0,Class:20
2026-09-14 22:03:30.770 +08:00 [ERR] Unhandled error on /api/enrolment/PIn6GinQYsKVa0UQ7mxWpILqjR4qZs33REozIbZD-Ss
Microsoft.Data.SqlClient.SqlException (0x80131904): A network-related or instance-specific error occurred while establishing a connection to SQL Server. The server was not found or was not accessible. Verify that the instance name is correct and that SQL Server is configured to allow remote connections. (provider: TCP Provider, error: 0 - The wait operation timed out.)
 ---> System.ComponentModel.Win32Exception (258): The wait operation timed out.
   at Microsoft.Data.ProviderBase.DbConnectionPool.TryGetConnection(DbConnection owningObject, UInt32 waitForMultipleObjectsTimeout, Boolean allowCreate, Boolean onlyOneCheckConnection, DbConnectionOptions userOptions, DbConnectionInternal& connection)
   at Microsoft.Data.ProviderBase.DbConnectionPool.TryGetConnection(DbConnection owningObject, TaskCompletionSource`1 retry, DbConnectionOptions userOptions, DbConnectionInternal& connection)
   at Microsoft.Data.ProviderBase.DbConnectionFactory.TryGetConnection(DbConnection owningConnection, TaskCompletionSource`1 retry, DbConnectionOptions userOptions, DbConnectionInternal oldConnection, DbConnectionInternal& connection)
   at Microsoft.Data.ProviderBase.DbConnectionInternal.TryOpenConnectionInternal(DbConnection outerConnection, DbConnectionFactory connectionFactory, TaskCompletionSource`1 retry, DbConnectionOptions userOptions)
   at Microsoft.Data.ProviderBase.DbConnectionClosed.TryOpenConnection(DbConnection outerConnection, DbConnectionFactory connectionFactory, TaskCompletionSource`1 retry, DbConnectionOptions userOptions)
   at Microsoft.Data.SqlClient.SqlConnection.TryOpen(TaskCompletionSource`1 retry, SqlConnectionOverrides overrides)
   at Microsoft.Data.SqlClient.SqlConnection.InternalOpenAsync(CancellationToken cancellationToken)
--- End of stack trace from previous location ---
   at Akrho.Infrastructure.SqlConnectionFactory.OpenAsync(CancellationToken ct) in D:\PROJECTS\AIS\src\Akrho.Infrastructure\SqlConnectionFactory.cs:line 16
   at Akrho.Infrastructure.Repositories.EnrolmentRepository.GetAsync(Byte[] tokenHash, CancellationToken ct) in D:\PROJECTS\AIS\src\Akrho.Infrastructure\Repositories\EnrolmentRepository.cs:line 38
   at Akrho.Api.Features.Enrolment.EnrolmentEndpoints.Get(String token, IEnrolmentRepository repo, CancellationToken ct) in D:\PROJECTS\AIS\src\Akrho.Api\Features\Enrolment\EnrolmentEndpoints.cs:line 29
   at Microsoft.AspNetCore.Http.RequestDelegateFactory.ExecuteTaskResult[T](Task`1 task, HttpContext httpContext)
   at Microsoft.AspNetCore.Authorization.AuthorizationMiddleware.Invoke(HttpContext context)
   at Microsoft.AspNetCore.Authentication.AuthenticationMiddleware.Invoke(HttpContext context)
   at Swashbuckle.AspNetCore.SwaggerUI.SwaggerUIMiddleware.Invoke(HttpContext httpContext)
   at Swashbuckle.AspNetCore.Swagger.SwaggerMiddleware.Invoke(HttpContext httpContext, ISwaggerProvider swaggerProvider)
   at Serilog.AspNetCore.RequestLoggingMiddleware.Invoke(HttpContext httpContext)
   at Microsoft.AspNetCore.Diagnostics.ExceptionHandlerMiddlewareImpl.<Invoke>g__Awaited|10_0(ExceptionHandlerMiddlewareImpl middleware, HttpContext context, Task task)
ClientConnectionId:00000000-0000-0000-0000-000000000000
Error Number:258,State:0,Class:20
2026-09-14 22:03:32.056 +08:00 [ERR] HTTP GET /api/enrolment/PIn6GinQYsKVa0UQ7mxWpILqjR4qZs33REozIbZD-Ss responded 500 in 0.8310 ms
Microsoft.Data.SqlClient.SqlException (0x80131904): A network-related or instance-specific error occurred while establishing a connection to SQL Server. The server was not found or was not accessible. Verify that the instance name is correct and that SQL Server is configured to allow remote connections. (provider: TCP Provider, error: 0 - The wait operation timed out.)
 ---> System.ComponentModel.Win32Exception (258): The wait operation timed out.
   at Microsoft.Data.ProviderBase.DbConnectionPool.TryGetConnection(DbConnection owningObject, UInt32 waitForMultipleObjectsTimeout, Boolean allowCreate, Boolean onlyOneCheckConnection, DbConnectionOptions userOptions, DbConnectionInternal& connection)
   at Microsoft.Data.ProviderBase.DbConnectionPool.TryGetConnection(DbConnection owningObject, TaskCompletionSource`1 retry, DbConnectionOptions userOptions, DbConnectionInternal& connection)
   at Microsoft.Data.ProviderBase.DbConnectionFactory.TryGetConnection(DbConnection owningConnection, TaskCompletionSource`1 retry, DbConnectionOptions userOptions, DbConnectionInternal oldConnection, DbConnectionInternal& connection)
   at Microsoft.Data.ProviderBase.DbConnectionInternal.TryOpenConnectionInternal(DbConnection outerConnection, DbConnectionFactory connectionFactory, TaskCompletionSource`1 retry, DbConnectionOptions userOptions)
   at Microsoft.Data.ProviderBase.DbConnectionClosed.TryOpenConnection(DbConnection outerConnection, DbConnectionFactory connectionFactory, TaskCompletionSource`1 retry, DbConnectionOptions userOptions)
   at Microsoft.Data.SqlClient.SqlConnection.TryOpen(TaskCompletionSource`1 retry, SqlConnectionOverrides overrides)
   at Microsoft.Data.SqlClient.SqlConnection.InternalOpenAsync(CancellationToken cancellationToken)
--- End of stack trace from previous location ---
   at Akrho.Infrastructure.SqlConnectionFactory.OpenAsync(CancellationToken ct) in D:\PROJECTS\AIS\src\Akrho.Infrastructure\SqlConnectionFactory.cs:line 16
   at Akrho.Infrastructure.Repositories.EnrolmentRepository.GetAsync(Byte[] tokenHash, CancellationToken ct) in D:\PROJECTS\AIS\src\Akrho.Infrastructure\Repositories\EnrolmentRepository.cs:line 38
   at Akrho.Api.Features.Enrolment.EnrolmentEndpoints.Get(String token, IEnrolmentRepository repo, CancellationToken ct) in D:\PROJECTS\AIS\src\Akrho.Api\Features\Enrolment\EnrolmentEndpoints.cs:line 29
   at Microsoft.AspNetCore.Http.RequestDelegateFactory.ExecuteTaskResult[T](Task`1 task, HttpContext httpContext)
   at Microsoft.AspNetCore.Authorization.AuthorizationMiddleware.Invoke(HttpContext context)
   at Microsoft.AspNetCore.Authentication.AuthenticationMiddleware.Invoke(HttpContext context)
   at Swashbuckle.AspNetCore.SwaggerUI.SwaggerUIMiddleware.Invoke(HttpContext httpContext)
   at Swashbuckle.AspNetCore.Swagger.SwaggerMiddleware.Invoke(HttpContext httpContext, ISwaggerProvider swaggerProvider)
   at Serilog.AspNetCore.RequestLoggingMiddleware.Invoke(HttpContext httpContext)
ClientConnectionId:00000000-0000-0000-0000-000000000000
Error Number:258,State:0,Class:20
2026-09-14 22:03:32.056 +08:00 [ERR] An unhandled exception has occurred while executing the request.
Microsoft.Data.SqlClient.SqlException (0x80131904): A network-related or instance-specific error occurred while establishing a connection to SQL Server. The server was not found or was not accessible. Verify that the instance name is correct and that SQL Server is configured to allow remote connections. (provider: TCP Provider, error: 0 - The wait operation timed out.)
 ---> System.ComponentModel.Win32Exception (258): The wait operation timed out.
   at Microsoft.Data.ProviderBase.DbConnectionPool.TryGetConnection(DbConnection owningObject, UInt32 waitForMultipleObjectsTimeout, Boolean allowCreate, Boolean onlyOneCheckConnection, DbConnectionOptions userOptions, DbConnectionInternal& connection)
   at Microsoft.Data.ProviderBase.DbConnectionPool.TryGetConnection(DbConnection owningObject, TaskCompletionSource`1 retry, DbConnectionOptions userOptions, DbConnectionInternal& connection)
   at Microsoft.Data.ProviderBase.DbConnectionFactory.TryGetConnection(DbConnection owningConnection, TaskCompletionSource`1 retry, DbConnectionOptions userOptions, DbConnectionInternal oldConnection, DbConnectionInternal& connection)
   at Microsoft.Data.ProviderBase.DbConnectionInternal.TryOpenConnectionInternal(DbConnection outerConnection, DbConnectionFactory connectionFactory, TaskCompletionSource`1 retry, DbConnectionOptions userOptions)
   at Microsoft.Data.ProviderBase.DbConnectionClosed.TryOpenConnection(DbConnection outerConnection, DbConnectionFactory connectionFactory, TaskCompletionSource`1 retry, DbConnectionOptions userOptions)
   at Microsoft.Data.SqlClient.SqlConnection.TryOpen(TaskCompletionSource`1 retry, SqlConnectionOverrides overrides)
   at Microsoft.Data.SqlClient.SqlConnection.InternalOpenAsync(CancellationToken cancellationToken)
--- End of stack trace from previous location ---
   at Akrho.Infrastructure.SqlConnectionFactory.OpenAsync(CancellationToken ct) in D:\PROJECTS\AIS\src\Akrho.Infrastructure\SqlConnectionFactory.cs:line 16
   at Akrho.Infrastructure.Repositories.EnrolmentRepository.GetAsync(Byte[] tokenHash, CancellationToken ct) in D:\PROJECTS\AIS\src\Akrho.Infrastructure\Repositories\EnrolmentRepository.cs:line 38
   at Akrho.Api.Features.Enrolment.EnrolmentEndpoints.Get(String token, IEnrolmentRepository repo, CancellationToken ct) in D:\PROJECTS\AIS\src\Akrho.Api\Features\Enrolment\EnrolmentEndpoints.cs:line 29
   at Microsoft.AspNetCore.Http.RequestDelegateFactory.ExecuteTaskResult[T](Task`1 task, HttpContext httpContext)
   at Microsoft.AspNetCore.Authorization.AuthorizationMiddleware.Invoke(HttpContext context)
   at Microsoft.AspNetCore.Authentication.AuthenticationMiddleware.Invoke(HttpContext context)
   at Swashbuckle.AspNetCore.SwaggerUI.SwaggerUIMiddleware.Invoke(HttpContext httpContext)
   at Swashbuckle.AspNetCore.Swagger.SwaggerMiddleware.Invoke(HttpContext httpContext, ISwaggerProvider swaggerProvider)
   at Serilog.AspNetCore.RequestLoggingMiddleware.Invoke(HttpContext httpContext)
   at Microsoft.AspNetCore.Diagnostics.ExceptionHandlerMiddlewareImpl.<Invoke>g__Awaited|10_0(ExceptionHandlerMiddlewareImpl middleware, HttpContext context, Task task)
ClientConnectionId:00000000-0000-0000-0000-000000000000
Error Number:258,State:0,Class:20
2026-09-14 22:03:32.057 +08:00 [ERR] Unhandled error on /api/enrolment/PIn6GinQYsKVa0UQ7mxWpILqjR4qZs33REozIbZD-Ss
Microsoft.Data.SqlClient.SqlException (0x80131904): A network-related or instance-specific error occurred while establishing a connection to SQL Server. The server was not found or was not accessible. Verify that the instance name is correct and that SQL Server is configured to allow remote connections. (provider: TCP Provider, error: 0 - The wait operation timed out.)
 ---> System.ComponentModel.Win32Exception (258): The wait operation timed out.
   at Microsoft.Data.ProviderBase.DbConnectionPool.TryGetConnection(DbConnection owningObject, UInt32 waitForMultipleObjectsTimeout, Boolean allowCreate, Boolean onlyOneCheckConnection, DbConnectionOptions userOptions, DbConnectionInternal& connection)
   at Microsoft.Data.ProviderBase.DbConnectionPool.TryGetConnection(DbConnection owningObject, TaskCompletionSource`1 retry, DbConnectionOptions userOptions, DbConnectionInternal& connection)
   at Microsoft.Data.ProviderBase.DbConnectionFactory.TryGetConnection(DbConnection owningConnection, TaskCompletionSource`1 retry, DbConnectionOptions userOptions, DbConnectionInternal oldConnection, DbConnectionInternal& connection)
   at Microsoft.Data.ProviderBase.DbConnectionInternal.TryOpenConnectionInternal(DbConnection outerConnection, DbConnectionFactory connectionFactory, TaskCompletionSource`1 retry, DbConnectionOptions userOptions)
   at Microsoft.Data.ProviderBase.DbConnectionClosed.TryOpenConnection(DbConnection outerConnection, DbConnectionFactory connectionFactory, TaskCompletionSource`1 retry, DbConnectionOptions userOptions)
   at Microsoft.Data.SqlClient.SqlConnection.TryOpen(TaskCompletionSource`1 retry, SqlConnectionOverrides overrides)
   at Microsoft.Data.SqlClient.SqlConnection.InternalOpenAsync(CancellationToken cancellationToken)
--- End of stack trace from previous location ---
   at Akrho.Infrastructure.SqlConnectionFactory.OpenAsync(CancellationToken ct) in D:\PROJECTS\AIS\src\Akrho.Infrastructure\SqlConnectionFactory.cs:line 16
   at Akrho.Infrastructure.Repositories.EnrolmentRepository.GetAsync(Byte[] tokenHash, CancellationToken ct) in D:\PROJECTS\AIS\src\Akrho.Infrastructure\Repositories\EnrolmentRepository.cs:line 38
   at Akrho.Api.Features.Enrolment.EnrolmentEndpoints.Get(String token, IEnrolmentRepository repo, CancellationToken ct) in D:\PROJECTS\AIS\src\Akrho.Api\Features\Enrolment\EnrolmentEndpoints.cs:line 29
   at Microsoft.AspNetCore.Http.RequestDelegateFactory.ExecuteTaskResult[T](Task`1 task, HttpContext httpContext)
   at Microsoft.AspNetCore.Authorization.AuthorizationMiddleware.Invoke(HttpContext context)
   at Microsoft.AspNetCore.Authentication.AuthenticationMiddleware.Invoke(HttpContext context)
   at Swashbuckle.AspNetCore.SwaggerUI.SwaggerUIMiddleware.Invoke(HttpContext httpContext)
   at Swashbuckle.AspNetCore.Swagger.SwaggerMiddleware.Invoke(HttpContext httpContext, ISwaggerProvider swaggerProvider)
   at Serilog.AspNetCore.RequestLoggingMiddleware.Invoke(HttpContext httpContext)
   at Microsoft.AspNetCore.Diagnostics.ExceptionHandlerMiddlewareImpl.<Invoke>g__Awaited|10_0(ExceptionHandlerMiddlewareImpl middleware, HttpContext context, Task task)
ClientConnectionId:00000000-0000-0000-0000-000000000000
Error Number:258,State:0,Class:20
2026-09-14 22:03:36.253 +08:00 [INF] HTTP POST /api/auth/refresh responded 401 in 0.1318 ms
2026-09-14 22:03:36.254 +08:00 [INF] HTTP POST /api/auth/refresh responded 401 in 0.0962 ms
2026-09-14 22:03:51.268 +08:00 [ERR] HTTP GET /api/enrolment/PIn6GinQYsKVa0UQ7mxWpILqjR4qZs33REozIbZD-Ss responded 500 in 15014.4494 ms
Microsoft.Data.SqlClient.SqlException (0x80131904): A network-related or instance-specific error occurred while establishing a connection to SQL Server. The server was not found or was not accessible. Verify that the instance name is correct and that SQL Server is configured to allow remote connections. (provider: TCP Provider, error: 0 - The wait operation timed out.)
 ---> System.ComponentModel.Win32Exception (258): The wait operation timed out.
   at Microsoft.Data.SqlClient.SqlInternalConnection.OnError(SqlException exception, Boolean breakConnection, Action`1 wrapCloseInAction)
   at Microsoft.Data.SqlClient.TdsParser.ThrowExceptionAndWarning(TdsParserStateObject stateObj, SqlCommand command, Boolean callerHasConnectionLock, Boolean asyncClose)
   at Microsoft.Data.SqlClient.TdsParser.Connect(ServerInfo serverInfo, SqlInternalConnectionTds connHandler, TimeoutTimer timeout, SqlConnectionString connectionOptions, Boolean withFailover)
   at Microsoft.Data.SqlClient.SqlInternalConnectionTds.AttemptOneLogin(ServerInfo serverInfo, String newPassword, SecureString newSecurePassword, TimeoutTimer timeout, Boolean withFailover)
   at Microsoft.Data.SqlClient.SqlInternalConnectionTds.LoginNoFailover(ServerInfo serverInfo, String newPassword, SecureString newSecurePassword, Boolean redirectedUserInstance, SqlConnectionString connectionOptions, SqlCredential credential, TimeoutTimer timeout)
   at Microsoft.Data.SqlClient.SqlInternalConnectionTds.OpenLoginEnlist(TimeoutTimer timeout, SqlConnectionString connectionOptions, SqlCredential credential, String newPassword, SecureString newSecurePassword, Boolean redirectedUserInstance)
   at Microsoft.Data.SqlClient.SqlInternalConnectionTds..ctor(DbConnectionPoolIdentity identity, SqlConnectionString connectionOptions, SqlCredential credential, Object providerInfo, String newPassword, SecureString newSecurePassword, Boolean redirectedUserInstance, SqlConnectionString userConnectionOptions, SessionData reconnectSessionData, Boolean applyTransientFaultHandling, String accessToken, DbConnectionPool pool, Func`3 accessTokenCallback)
   at Microsoft.Data.SqlClient.SqlConnectionFactory.CreateConnection(DbConnectionOptions options, DbConnectionPoolKey poolKey, Object poolGroupProviderInfo, DbConnectionPool pool, DbConnection owningConnection, DbConnectionOptions userOptions)
   at Microsoft.Data.ProviderBase.DbConnectionFactory.CreatePooledConnection(DbConnectionPool pool, DbConnection owningObject, DbConnectionOptions options, DbConnectionPoolKey poolKey, DbConnectionOptions userOptions)
   at Microsoft.Data.ProviderBase.DbConnectionPool.CreateObject(DbConnection owningObject, DbConnectionOptions userOptions, DbConnectionInternal oldConnection)
   at Microsoft.Data.ProviderBase.DbConnectionPool.UserCreateRequest(DbConnection owningObject, DbConnectionOptions userOptions, DbConnectionInternal oldConnection)
   at Microsoft.Data.ProviderBase.DbConnectionPool.TryGetConnection(DbConnection owningObject, UInt32 waitForMultipleObjectsTimeout, Boolean allowCreate, Boolean onlyOneCheckConnection, DbConnectionOptions userOptions, DbConnectionInternal& connection)
   at Microsoft.Data.ProviderBase.DbConnectionPool.WaitForPendingOpen()
--- End of stack trace from previous location ---
   at Akrho.Infrastructure.SqlConnectionFactory.OpenAsync(CancellationToken ct) in D:\PROJECTS\AIS\src\Akrho.Infrastructure\SqlConnectionFactory.cs:line 16
   at Akrho.Infrastructure.Repositories.EnrolmentRepository.GetAsync(Byte[] tokenHash, CancellationToken ct) in D:\PROJECTS\AIS\src\Akrho.Infrastructure\Repositories\EnrolmentRepository.cs:line 38
   at Akrho.Api.Features.Enrolment.EnrolmentEndpoints.Get(String token, IEnrolmentRepository repo, CancellationToken ct) in D:\PROJECTS\AIS\src\Akrho.Api\Features\Enrolment\EnrolmentEndpoints.cs:line 29
   at Microsoft.AspNetCore.Http.RequestDelegateFactory.ExecuteTaskResult[T](Task`1 task, HttpContext httpContext)
   at Microsoft.AspNetCore.Authorization.AuthorizationMiddleware.Invoke(HttpContext context)
   at Microsoft.AspNetCore.Authentication.AuthenticationMiddleware.Invoke(HttpContext context)
   at Swashbuckle.AspNetCore.SwaggerUI.SwaggerUIMiddleware.Invoke(HttpContext httpContext)
   at Swashbuckle.AspNetCore.Swagger.SwaggerMiddleware.Invoke(HttpContext httpContext, ISwaggerProvider swaggerProvider)
   at Serilog.AspNetCore.RequestLoggingMiddleware.Invoke(HttpContext httpContext)
ClientConnectionId:00000000-0000-0000-0000-000000000000
Error Number:258,State:0,Class:20
2026-09-14 22:03:51.269 +08:00 [ERR] An unhandled exception has occurred while executing the request.
Microsoft.Data.SqlClient.SqlException (0x80131904): A network-related or instance-specific error occurred while establishing a connection to SQL Server. The server was not found or was not accessible. Verify that the instance name is correct and that SQL Server is configured to allow remote connections. (provider: TCP Provider, error: 0 - The wait operation timed out.)
 ---> System.ComponentModel.Win32Exception (258): The wait operation timed out.
   at Microsoft.Data.SqlClient.SqlInternalConnection.OnError(SqlException exception, Boolean breakConnection, Action`1 wrapCloseInAction)
   at Microsoft.Data.SqlClient.TdsParser.ThrowExceptionAndWarning(TdsParserStateObject stateObj, SqlCommand command, Boolean callerHasConnectionLock, Boolean asyncClose)
   at Microsoft.Data.SqlClient.TdsParser.Connect(ServerInfo serverInfo, SqlInternalConnectionTds connHandler, TimeoutTimer timeout, SqlConnectionString connectionOptions, Boolean withFailover)
   at Microsoft.Data.SqlClient.SqlInternalConnectionTds.AttemptOneLogin(ServerInfo serverInfo, String newPassword, SecureString newSecurePassword, TimeoutTimer timeout, Boolean withFailover)
   at Microsoft.Data.SqlClient.SqlInternalConnectionTds.LoginNoFailover(ServerInfo serverInfo, String newPassword, SecureString newSecurePassword, Boolean redirectedUserInstance, SqlConnectionString connectionOptions, SqlCredential credential, TimeoutTimer timeout)
   at Microsoft.Data.SqlClient.SqlInternalConnectionTds.OpenLoginEnlist(TimeoutTimer timeout, SqlConnectionString connectionOptions, SqlCredential credential, String newPassword, SecureString newSecurePassword, Boolean redirectedUserInstance)
   at Microsoft.Data.SqlClient.SqlInternalConnectionTds..ctor(DbConnectionPoolIdentity identity, SqlConnectionString connectionOptions, SqlCredential credential, Object providerInfo, String newPassword, SecureString newSecurePassword, Boolean redirectedUserInstance, SqlConnectionString userConnectionOptions, SessionData reconnectSessionData, Boolean applyTransientFaultHandling, String accessToken, DbConnectionPool pool, Func`3 accessTokenCallback)
   at Microsoft.Data.SqlClient.SqlConnectionFactory.CreateConnection(DbConnectionOptions options, DbConnectionPoolKey poolKey, Object poolGroupProviderInfo, DbConnectionPool pool, DbConnection owningConnection, DbConnectionOptions userOptions)
   at Microsoft.Data.ProviderBase.DbConnectionFactory.CreatePooledConnection(DbConnectionPool pool, DbConnection owningObject, DbConnectionOptions options, DbConnectionPoolKey poolKey, DbConnectionOptions userOptions)
   at Microsoft.Data.ProviderBase.DbConnectionPool.CreateObject(DbConnection owningObject, DbConnectionOptions userOptions, DbConnectionInternal oldConnection)
   at Microsoft.Data.ProviderBase.DbConnectionPool.UserCreateRequest(DbConnection owningObject, DbConnectionOptions userOptions, DbConnectionInternal oldConnection)
   at Microsoft.Data.ProviderBase.DbConnectionPool.TryGetConnection(DbConnection owningObject, UInt32 waitForMultipleObjectsTimeout, Boolean allowCreate, Boolean onlyOneCheckConnection, DbConnectionOptions userOptions, DbConnectionInternal& connection)
   at Microsoft.Data.ProviderBase.DbConnectionPool.WaitForPendingOpen()
--- End of stack trace from previous location ---
   at Akrho.Infrastructure.SqlConnectionFactory.OpenAsync(CancellationToken ct) in D:\PROJECTS\AIS\src\Akrho.Infrastructure\SqlConnectionFactory.cs:line 16
   at Akrho.Infrastructure.Repositories.EnrolmentRepository.GetAsync(Byte[] tokenHash, CancellationToken ct) in D:\PROJECTS\AIS\src\Akrho.Infrastructure\Repositories\EnrolmentRepository.cs:line 38
   at Akrho.Api.Features.Enrolment.EnrolmentEndpoints.Get(String token, IEnrolmentRepository repo, CancellationToken ct) in D:\PROJECTS\AIS\src\Akrho.Api\Features\Enrolment\EnrolmentEndpoints.cs:line 29
   at Microsoft.AspNetCore.Http.RequestDelegateFactory.ExecuteTaskResult[T](Task`1 task, HttpContext httpContext)
   at Microsoft.AspNetCore.Authorization.AuthorizationMiddleware.Invoke(HttpContext context)
   at Microsoft.AspNetCore.Authentication.AuthenticationMiddleware.Invoke(HttpContext context)
   at Swashbuckle.AspNetCore.SwaggerUI.SwaggerUIMiddleware.Invoke(HttpContext httpContext)
   at Swashbuckle.AspNetCore.Swagger.SwaggerMiddleware.Invoke(HttpContext httpContext, ISwaggerProvider swaggerProvider)
   at Serilog.AspNetCore.RequestLoggingMiddleware.Invoke(HttpContext httpContext)
   at Microsoft.AspNetCore.Diagnostics.ExceptionHandlerMiddlewareImpl.<Invoke>g__Awaited|10_0(ExceptionHandlerMiddlewareImpl middleware, HttpContext context, Task task)
ClientConnectionId:00000000-0000-0000-0000-000000000000
Error Number:258,State:0,Class:20
2026-09-14 22:03:51.269 +08:00 [ERR] Unhandled error on /api/enrolment/PIn6GinQYsKVa0UQ7mxWpILqjR4qZs33REozIbZD-Ss
Microsoft.Data.SqlClient.SqlException (0x80131904): A network-related or instance-specific error occurred while establishing a connection to SQL Server. The server was not found or was not accessible. Verify that the instance name is correct and that SQL Server is configured to allow remote connections. (provider: TCP Provider, error: 0 - The wait operation timed out.)
 ---> System.ComponentModel.Win32Exception (258): The wait operation timed out.
   at Microsoft.Data.SqlClient.SqlInternalConnection.OnError(SqlException exception, Boolean breakConnection, Action`1 wrapCloseInAction)
   at Microsoft.Data.SqlClient.TdsParser.ThrowExceptionAndWarning(TdsParserStateObject stateObj, SqlCommand command, Boolean callerHasConnectionLock, Boolean asyncClose)
   at Microsoft.Data.SqlClient.TdsParser.Connect(ServerInfo serverInfo, SqlInternalConnectionTds connHandler, TimeoutTimer timeout, SqlConnectionString connectionOptions, Boolean withFailover)
   at Microsoft.Data.SqlClient.SqlInternalConnectionTds.AttemptOneLogin(ServerInfo serverInfo, String newPassword, SecureString newSecurePassword, TimeoutTimer timeout, Boolean withFailover)
   at Microsoft.Data.SqlClient.SqlInternalConnectionTds.LoginNoFailover(ServerInfo serverInfo, String newPassword, SecureString newSecurePassword, Boolean redirectedUserInstance, SqlConnectionString connectionOptions, SqlCredential credential, TimeoutTimer timeout)
   at Microsoft.Data.SqlClient.SqlInternalConnectionTds.OpenLoginEnlist(TimeoutTimer timeout, SqlConnectionString connectionOptions, SqlCredential credential, String newPassword, SecureString newSecurePassword, Boolean redirectedUserInstance)
   at Microsoft.Data.SqlClient.SqlInternalConnectionTds..ctor(DbConnectionPoolIdentity identity, SqlConnectionString connectionOptions, SqlCredential credential, Object providerInfo, String newPassword, SecureString newSecurePassword, Boolean redirectedUserInstance, SqlConnectionString userConnectionOptions, SessionData reconnectSessionData, Boolean applyTransientFaultHandling, String accessToken, DbConnectionPool pool, Func`3 accessTokenCallback)
   at Microsoft.Data.SqlClient.SqlConnectionFactory.CreateConnection(DbConnectionOptions options, DbConnectionPoolKey poolKey, Object poolGroupProviderInfo, DbConnectionPool pool, DbConnection owningConnection, DbConnectionOptions userOptions)
   at Microsoft.Data.ProviderBase.DbConnectionFactory.CreatePooledConnection(DbConnectionPool pool, DbConnection owningObject, DbConnectionOptions options, DbConnectionPoolKey poolKey, DbConnectionOptions userOptions)
   at Microsoft.Data.ProviderBase.DbConnectionPool.CreateObject(DbConnection owningObject, DbConnectionOptions userOptions, DbConnectionInternal oldConnection)
   at Microsoft.Data.ProviderBase.DbConnectionPool.UserCreateRequest(DbConnection owningObject, DbConnectionOptions userOptions, DbConnectionInternal oldConnection)
   at Microsoft.Data.ProviderBase.DbConnectionPool.TryGetConnection(DbConnection owningObject, UInt32 waitForMultipleObjectsTimeout, Boolean allowCreate, Boolean onlyOneCheckConnection, DbConnectionOptions userOptions, DbConnectionInternal& connection)
   at Microsoft.Data.ProviderBase.DbConnectionPool.WaitForPendingOpen()
--- End of stack trace from previous location ---
   at Akrho.Infrastructure.SqlConnectionFactory.OpenAsync(CancellationToken ct) in D:\PROJECTS\AIS\src\Akrho.Infrastructure\SqlConnectionFactory.cs:line 16
   at Akrho.Infrastructure.Repositories.EnrolmentRepository.GetAsync(Byte[] tokenHash, CancellationToken ct) in D:\PROJECTS\AIS\src\Akrho.Infrastructure\Repositories\EnrolmentRepository.cs:line 38
   at Akrho.Api.Features.Enrolment.EnrolmentEndpoints.Get(String token, IEnrolmentRepository repo, CancellationToken ct) in D:\PROJECTS\AIS\src\Akrho.Api\Features\Enrolment\EnrolmentEndpoints.cs:line 29
   at Microsoft.AspNetCore.Http.RequestDelegateFactory.ExecuteTaskResult[T](Task`1 task, HttpContext httpContext)
   at Microsoft.AspNetCore.Authorization.AuthorizationMiddleware.Invoke(HttpContext context)
   at Microsoft.AspNetCore.Authentication.AuthenticationMiddleware.Invoke(HttpContext context)
   at Swashbuckle.AspNetCore.SwaggerUI.SwaggerUIMiddleware.Invoke(HttpContext httpContext)
   at Swashbuckle.AspNetCore.Swagger.SwaggerMiddleware.Invoke(HttpContext httpContext, ISwaggerProvider swaggerProvider)
   at Serilog.AspNetCore.RequestLoggingMiddleware.Invoke(HttpContext httpContext)
   at Microsoft.AspNetCore.Diagnostics.ExceptionHandlerMiddlewareImpl.<Invoke>g__Awaited|10_0(ExceptionHandlerMiddlewareImpl middleware, HttpContext context, Task task)
ClientConnectionId:00000000-0000-0000-0000-000000000000
Error Number:258,State:0,Class:20
2026-09-14 22:04:13.644 +08:00 [INF] HTTP POST /api/auth/refresh responded 401 in 0.2277 ms
2026-09-14 22:04:13.650 +08:00 [INF] HTTP POST /api/auth/refresh responded 401 in 0.1449 ms
2026-09-14 22:04:28.655 +08:00 [ERR] HTTP GET /api/enrolment/PIn6GinQYsKVa0UQ7mxWpILqjR4qZs33REozIbZD-Ss responded 500 in 15011.8847 ms
Microsoft.Data.SqlClient.SqlException (0x80131904): A network-related or instance-specific error occurred while establishing a connection to SQL Server. The server was not found or was not accessible. Verify that the instance name is correct and that SQL Server is configured to allow remote connections. (provider: TCP Provider, error: 0 - The wait operation timed out.)
 ---> System.ComponentModel.Win32Exception (258): The wait operation timed out.
   at Microsoft.Data.SqlClient.SqlInternalConnection.OnError(SqlException exception, Boolean breakConnection, Action`1 wrapCloseInAction)
   at Microsoft.Data.SqlClient.TdsParser.ThrowExceptionAndWarning(TdsParserStateObject stateObj, SqlCommand command, Boolean callerHasConnectionLock, Boolean asyncClose)
   at Microsoft.Data.SqlClient.TdsParser.Connect(ServerInfo serverInfo, SqlInternalConnectionTds connHandler, TimeoutTimer timeout, SqlConnectionString connectionOptions, Boolean withFailover)
   at Microsoft.Data.SqlClient.SqlInternalConnectionTds.AttemptOneLogin(ServerInfo serverInfo, String newPassword, SecureString newSecurePassword, TimeoutTimer timeout, Boolean withFailover)
   at Microsoft.Data.SqlClient.SqlInternalConnectionTds.LoginNoFailover(ServerInfo serverInfo, String newPassword, SecureString newSecurePassword, Boolean redirectedUserInstance, SqlConnectionString connectionOptions, SqlCredential credential, TimeoutTimer timeout)
   at Microsoft.Data.SqlClient.SqlInternalConnectionTds.OpenLoginEnlist(TimeoutTimer timeout, SqlConnectionString connectionOptions, SqlCredential credential, String newPassword, SecureString newSecurePassword, Boolean redirectedUserInstance)
   at Microsoft.Data.SqlClient.SqlInternalConnectionTds..ctor(DbConnectionPoolIdentity identity, SqlConnectionString connectionOptions, SqlCredential credential, Object providerInfo, String newPassword, SecureString newSecurePassword, Boolean redirectedUserInstance, SqlConnectionString userConnectionOptions, SessionData reconnectSessionData, Boolean applyTransientFaultHandling, String accessToken, DbConnectionPool pool, Func`3 accessTokenCallback)
   at Microsoft.Data.SqlClient.SqlConnectionFactory.CreateConnection(DbConnectionOptions options, DbConnectionPoolKey poolKey, Object poolGroupProviderInfo, DbConnectionPool pool, DbConnection owningConnection, DbConnectionOptions userOptions)
   at Microsoft.Data.ProviderBase.DbConnectionFactory.CreatePooledConnection(DbConnectionPool pool, DbConnection owningObject, DbConnectionOptions options, DbConnectionPoolKey poolKey, DbConnectionOptions userOptions)
   at Microsoft.Data.ProviderBase.DbConnectionPool.CreateObject(DbConnection owningObject, DbConnectionOptions userOptions, DbConnectionInternal oldConnection)
   at Microsoft.Data.ProviderBase.DbConnectionPool.UserCreateRequest(DbConnection owningObject, DbConnectionOptions userOptions, DbConnectionInternal oldConnection)
   at Microsoft.Data.ProviderBase.DbConnectionPool.TryGetConnection(DbConnection owningObject, UInt32 waitForMultipleObjectsTimeout, Boolean allowCreate, Boolean onlyOneCheckConnection, DbConnectionOptions userOptions, DbConnectionInternal& connection)
   at Microsoft.Data.ProviderBase.DbConnectionPool.WaitForPendingOpen()
--- End of stack trace from previous location ---
   at Akrho.Infrastructure.SqlConnectionFactory.OpenAsync(CancellationToken ct) in D:\PROJECTS\AIS\src\Akrho.Infrastructure\SqlConnectionFactory.cs:line 16
   at Akrho.Infrastructure.Repositories.EnrolmentRepository.GetAsync(Byte[] tokenHash, CancellationToken ct) in D:\PROJECTS\AIS\src\Akrho.Infrastructure\Repositories\EnrolmentRepository.cs:line 38
   at Akrho.Api.Features.Enrolment.EnrolmentEndpoints.Get(String token, IEnrolmentRepository repo, CancellationToken ct) in D:\PROJECTS\AIS\src\Akrho.Api\Features\Enrolment\EnrolmentEndpoints.cs:line 29
   at Microsoft.AspNetCore.Http.RequestDelegateFactory.ExecuteTaskResult[T](Task`1 task, HttpContext httpContext)
   at Microsoft.AspNetCore.Authorization.AuthorizationMiddleware.Invoke(HttpContext context)
   at Microsoft.AspNetCore.Authentication.AuthenticationMiddleware.Invoke(HttpContext context)
   at Swashbuckle.AspNetCore.SwaggerUI.SwaggerUIMiddleware.Invoke(HttpContext httpContext)
   at Swashbuckle.AspNetCore.Swagger.SwaggerMiddleware.Invoke(HttpContext httpContext, ISwaggerProvider swaggerProvider)
   at Serilog.AspNetCore.RequestLoggingMiddleware.Invoke(HttpContext httpContext)
ClientConnectionId:00000000-0000-0000-0000-000000000000
Error Number:258,State:0,Class:20
2026-09-14 22:04:28.656 +08:00 [ERR] An unhandled exception has occurred while executing the request.
Microsoft.Data.SqlClient.SqlException (0x80131904): A network-related or instance-specific error occurred while establishing a connection to SQL Server. The server was not found or was not accessible. Verify that the instance name is correct and that SQL Server is configured to allow remote connections. (provider: TCP Provider, error: 0 - The wait operation timed out.)
 ---> System.ComponentModel.Win32Exception (258): The wait operation timed out.
   at Microsoft.Data.SqlClient.SqlInternalConnection.OnError(SqlException exception, Boolean breakConnection, Action`1 wrapCloseInAction)
   at Microsoft.Data.SqlClient.TdsParser.ThrowExceptionAndWarning(TdsParserStateObject stateObj, SqlCommand command, Boolean callerHasConnectionLock, Boolean asyncClose)
   at Microsoft.Data.SqlClient.TdsParser.Connect(ServerInfo serverInfo, SqlInternalConnectionTds connHandler, TimeoutTimer timeout, SqlConnectionString connectionOptions, Boolean withFailover)
   at Microsoft.Data.SqlClient.SqlInternalConnectionTds.AttemptOneLogin(ServerInfo serverInfo, String newPassword, SecureString newSecurePassword, TimeoutTimer timeout, Boolean withFailover)
   at Microsoft.Data.SqlClient.SqlInternalConnectionTds.LoginNoFailover(ServerInfo serverInfo, String newPassword, SecureString newSecurePassword, Boolean redirectedUserInstance, SqlConnectionString connectionOptions, SqlCredential credential, TimeoutTimer timeout)
   at Microsoft.Data.SqlClient.SqlInternalConnectionTds.OpenLoginEnlist(TimeoutTimer timeout, SqlConnectionString connectionOptions, SqlCredential credential, String newPassword, SecureString newSecurePassword, Boolean redirectedUserInstance)
   at Microsoft.Data.SqlClient.SqlInternalConnectionTds..ctor(DbConnectionPoolIdentity identity, SqlConnectionString connectionOptions, SqlCredential credential, Object providerInfo, String newPassword, SecureString newSecurePassword, Boolean redirectedUserInstance, SqlConnectionString userConnectionOptions, SessionData reconnectSessionData, Boolean applyTransientFaultHandling, String accessToken, DbConnectionPool pool, Func`3 accessTokenCallback)
   at Microsoft.Data.SqlClient.SqlConnectionFactory.CreateConnection(DbConnectionOptions options, DbConnectionPoolKey poolKey, Object poolGroupProviderInfo, DbConnectionPool pool, DbConnection owningConnection, DbConnectionOptions userOptions)
   at Microsoft.Data.ProviderBase.DbConnectionFactory.CreatePooledConnection(DbConnectionPool pool, DbConnection owningObject, DbConnectionOptions options, DbConnectionPoolKey poolKey, DbConnectionOptions userOptions)
   at Microsoft.Data.ProviderBase.DbConnectionPool.CreateObject(DbConnection owningObject, DbConnectionOptions userOptions, DbConnectionInternal oldConnection)
   at Microsoft.Data.ProviderBase.DbConnectionPool.UserCreateRequest(DbConnection owningObject, DbConnectionOptions userOptions, DbConnectionInternal oldConnection)
   at Microsoft.Data.ProviderBase.DbConnectionPool.TryGetConnection(DbConnection owningObject, UInt32 waitForMultipleObjectsTimeout, Boolean allowCreate, Boolean onlyOneCheckConnection, DbConnectionOptions userOptions, DbConnectionInternal& connection)
   at Microsoft.Data.ProviderBase.DbConnectionPool.WaitForPendingOpen()
--- End of stack trace from previous location ---
   at Akrho.Infrastructure.SqlConnectionFactory.OpenAsync(CancellationToken ct) in D:\PROJECTS\AIS\src\Akrho.Infrastructure\SqlConnectionFactory.cs:line 16
   at Akrho.Infrastructure.Repositories.EnrolmentRepository.GetAsync(Byte[] tokenHash, CancellationToken ct) in D:\PROJECTS\AIS\src\Akrho.Infrastructure\Repositories\EnrolmentRepository.cs:line 38
   at Akrho.Api.Features.Enrolment.EnrolmentEndpoints.Get(String token, IEnrolmentRepository repo, CancellationToken ct) in D:\PROJECTS\AIS\src\Akrho.Api\Features\Enrolment\EnrolmentEndpoints.cs:line 29
   at Microsoft.AspNetCore.Http.RequestDelegateFactory.ExecuteTaskResult[T](Task`1 task, HttpContext httpContext)
   at Microsoft.AspNetCore.Authorization.AuthorizationMiddleware.Invoke(HttpContext context)
   at Microsoft.AspNetCore.Authentication.AuthenticationMiddleware.Invoke(HttpContext context)
   at Swashbuckle.AspNetCore.SwaggerUI.SwaggerUIMiddleware.Invoke(HttpContext httpContext)
   at Swashbuckle.AspNetCore.Swagger.SwaggerMiddleware.Invoke(HttpContext httpContext, ISwaggerProvider swaggerProvider)
   at Serilog.AspNetCore.RequestLoggingMiddleware.Invoke(HttpContext httpContext)
   at Microsoft.AspNetCore.Diagnostics.ExceptionHandlerMiddlewareImpl.<Invoke>g__Awaited|10_0(ExceptionHandlerMiddlewareImpl middleware, HttpContext context, Task task)
ClientConnectionId:00000000-0000-0000-0000-000000000000
Error Number:258,State:0,Class:20
2026-09-14 22:04:28.656 +08:00 [ERR] Unhandled error on /api/enrolment/PIn6GinQYsKVa0UQ7mxWpILqjR4qZs33REozIbZD-Ss
Microsoft.Data.SqlClient.SqlException (0x80131904): A network-related or instance-specific error occurred while establishing a connection to SQL Server. The server was not found or was not accessible. Verify that the instance name is correct and that SQL Server is configured to allow remote connections. (provider: TCP Provider, error: 0 - The wait operation timed out.)
 ---> System.ComponentModel.Win32Exception (258): The wait operation timed out.
   at Microsoft.Data.SqlClient.SqlInternalConnection.OnError(SqlException exception, Boolean breakConnection, Action`1 wrapCloseInAction)
   at Microsoft.Data.SqlClient.TdsParser.ThrowExceptionAndWarning(TdsParserStateObject stateObj, SqlCommand command, Boolean callerHasConnectionLock, Boolean asyncClose)
   at Microsoft.Data.SqlClient.TdsParser.Connect(ServerInfo serverInfo, SqlInternalConnectionTds connHandler, TimeoutTimer timeout, SqlConnectionString connectionOptions, Boolean withFailover)
   at Microsoft.Data.SqlClient.SqlInternalConnectionTds.AttemptOneLogin(ServerInfo serverInfo, String newPassword, SecureString newSecurePassword, TimeoutTimer timeout, Boolean withFailover)
   at Microsoft.Data.SqlClient.SqlInternalConnectionTds.LoginNoFailover(ServerInfo serverInfo, String newPassword, SecureString newSecurePassword, Boolean redirectedUserInstance, SqlConnectionString connectionOptions, SqlCredential credential, TimeoutTimer timeout)
   at Microsoft.Data.SqlClient.SqlInternalConnectionTds.OpenLoginEnlist(TimeoutTimer timeout, SqlConnectionString connectionOptions, SqlCredential credential, String newPassword, SecureString newSecurePassword, Boolean redirectedUserInstance)
   at Microsoft.Data.SqlClient.SqlInternalConnectionTds..ctor(DbConnectionPoolIdentity identity, SqlConnectionString connectionOptions, SqlCredential credential, Object providerInfo, String newPassword, SecureString newSecurePassword, Boolean redirectedUserInstance, SqlConnectionString userConnectionOptions, SessionData reconnectSessionData, Boolean applyTransientFaultHandling, String accessToken, DbConnectionPool pool, Func`3 accessTokenCallback)
   at Microsoft.Data.SqlClient.SqlConnectionFactory.CreateConnection(DbConnectionOptions options, DbConnectionPoolKey poolKey, Object poolGroupProviderInfo, DbConnectionPool pool, DbConnection owningConnection, DbConnectionOptions userOptions)
   at Microsoft.Data.ProviderBase.DbConnectionFactory.CreatePooledConnection(DbConnectionPool pool, DbConnection owningObject, DbConnectionOptions options, DbConnectionPoolKey poolKey, DbConnectionOptions userOptions)
   at Microsoft.Data.ProviderBase.DbConnectionPool.CreateObject(DbConnection owningObject, DbConnectionOptions userOptions, DbConnectionInternal oldConnection)
   at Microsoft.Data.ProviderBase.DbConnectionPool.UserCreateRequest(DbConnection owningObject, DbConnectionOptions userOptions, DbConnectionInternal oldConnection)
   at Microsoft.Data.ProviderBase.DbConnectionPool.TryGetConnection(DbConnection owningObject, UInt32 waitForMultipleObjectsTimeout, Boolean allowCreate, Boolean onlyOneCheckConnection, DbConnectionOptions userOptions, DbConnectionInternal& connection)
   at Microsoft.Data.ProviderBase.DbConnectionPool.WaitForPendingOpen()
--- End of stack trace from previous location ---
   at Akrho.Infrastructure.SqlConnectionFactory.OpenAsync(CancellationToken ct) in D:\PROJECTS\AIS\src\Akrho.Infrastructure\SqlConnectionFactory.cs:line 16
   at Akrho.Infrastructure.Repositories.EnrolmentRepository.GetAsync(Byte[] tokenHash, CancellationToken ct) in D:\PROJECTS\AIS\src\Akrho.Infrastructure\Repositories\EnrolmentRepository.cs:line 38
   at Akrho.Api.Features.Enrolment.EnrolmentEndpoints.Get(String token, IEnrolmentRepository repo, CancellationToken ct) in D:\PROJECTS\AIS\src\Akrho.Api\Features\Enrolment\EnrolmentEndpoints.cs:line 29
   at Microsoft.AspNetCore.Http.RequestDelegateFactory.ExecuteTaskResult[T](Task`1 task, HttpContext httpContext)
   at Microsoft.AspNetCore.Authorization.AuthorizationMiddleware.Invoke(HttpContext context)
   at Microsoft.AspNetCore.Authentication.AuthenticationMiddleware.Invoke(HttpContext context)
   at Swashbuckle.AspNetCore.SwaggerUI.SwaggerUIMiddleware.Invoke(HttpContext httpContext)
   at Swashbuckle.AspNetCore.Swagger.SwaggerMiddleware.Invoke(HttpContext httpContext, ISwaggerProvider swaggerProvider)
   at Serilog.AspNetCore.RequestLoggingMiddleware.Invoke(HttpContext httpContext)
   at Microsoft.AspNetCore.Diagnostics.ExceptionHandlerMiddlewareImpl.<Invoke>g__Awaited|10_0(ExceptionHandlerMiddlewareImpl middleware, HttpContext context, Task task)
ClientConnectionId:00000000-0000-0000-0000-000000000000
Error Number:258,State:0,Class:20
2026-09-14 22:05:43.170 +08:00 [ERR] HTTP POST /api/auth/sign-in responded 500 in 15009.4901 ms
Microsoft.Data.SqlClient.SqlException (0x80131904): A network-related or instance-specific error occurred while establishing a connection to SQL Server. The server was not found or was not accessible. Verify that the instance name is correct and that SQL Server is configured to allow remote connections. (provider: TCP Provider, error: 0 - The wait operation timed out.)
 ---> System.ComponentModel.Win32Exception (258): The wait operation timed out.
   at Microsoft.Data.SqlClient.SqlInternalConnection.OnError(SqlException exception, Boolean breakConnection, Action`1 wrapCloseInAction)
   at Microsoft.Data.SqlClient.TdsParser.ThrowExceptionAndWarning(TdsParserStateObject stateObj, SqlCommand command, Boolean callerHasConnectionLock, Boolean asyncClose)
   at Microsoft.Data.SqlClient.TdsParser.Connect(ServerInfo serverInfo, SqlInternalConnectionTds connHandler, TimeoutTimer timeout, SqlConnectionString connectionOptions, Boolean withFailover)
   at Microsoft.Data.SqlClient.SqlInternalConnectionTds.AttemptOneLogin(ServerInfo serverInfo, String newPassword, SecureString newSecurePassword, TimeoutTimer timeout, Boolean withFailover)
   at Microsoft.Data.SqlClient.SqlInternalConnectionTds.LoginNoFailover(ServerInfo serverInfo, String newPassword, SecureString newSecurePassword, Boolean redirectedUserInstance, SqlConnectionString connectionOptions, SqlCredential credential, TimeoutTimer timeout)
   at Microsoft.Data.SqlClient.SqlInternalConnectionTds.OpenLoginEnlist(TimeoutTimer timeout, SqlConnectionString connectionOptions, SqlCredential credential, String newPassword, SecureString newSecurePassword, Boolean redirectedUserInstance)
   at Microsoft.Data.SqlClient.SqlInternalConnectionTds..ctor(DbConnectionPoolIdentity identity, SqlConnectionString connectionOptions, SqlCredential credential, Object providerInfo, String newPassword, SecureString newSecurePassword, Boolean redirectedUserInstance, SqlConnectionString userConnectionOptions, SessionData reconnectSessionData, Boolean applyTransientFaultHandling, String accessToken, DbConnectionPool pool, Func`3 accessTokenCallback)
   at Microsoft.Data.SqlClient.SqlConnectionFactory.CreateConnection(DbConnectionOptions options, DbConnectionPoolKey poolKey, Object poolGroupProviderInfo, DbConnectionPool pool, DbConnection owningConnection, DbConnectionOptions userOptions)
   at Microsoft.Data.ProviderBase.DbConnectionFactory.CreatePooledConnection(DbConnectionPool pool, DbConnection owningObject, DbConnectionOptions options, DbConnectionPoolKey poolKey, DbConnectionOptions userOptions)
   at Microsoft.Data.ProviderBase.DbConnectionPool.CreateObject(DbConnection owningObject, DbConnectionOptions userOptions, DbConnectionInternal oldConnection)
   at Microsoft.Data.ProviderBase.DbConnectionPool.UserCreateRequest(DbConnection owningObject, DbConnectionOptions userOptions, DbConnectionInternal oldConnection)
   at Microsoft.Data.ProviderBase.DbConnectionPool.TryGetConnection(DbConnection owningObject, UInt32 waitForMultipleObjectsTimeout, Boolean allowCreate, Boolean onlyOneCheckConnection, DbConnectionOptions userOptions, DbConnectionInternal& connection)
   at Microsoft.Data.ProviderBase.DbConnectionPool.WaitForPendingOpen()
--- End of stack trace from previous location ---
   at Akrho.Infrastructure.SqlConnectionFactory.OpenAsync(CancellationToken ct) in D:\PROJECTS\AIS\src\Akrho.Infrastructure\SqlConnectionFactory.cs:line 16
   at Akrho.Infrastructure.Repositories.AuthRepository.GetAccountForSignInAsync(String memberNumber, CancellationToken ct) in D:\PROJECTS\AIS\src\Akrho.Infrastructure\Repositories\AuthRepository.cs:line 56
   at Akrho.Api.Features.Auth.AuthEndpoints.SignIn(SignInRequest req, HttpContext http, IAuthRepository repo, IPasswordHasherService hasher, IAccessTokenService tokens, IValidator`1 validator, CancellationToken ct) in D:\PROJECTS\AIS\src\Akrho.Api\Features\Auth\AuthEndpoints.cs:line 31
   at Microsoft.AspNetCore.Http.RequestDelegateFactory.ExecuteTaskResult[T](Task`1 task, HttpContext httpContext)
   at Microsoft.AspNetCore.Http.RequestDelegateFactory.<>c__DisplayClass102_2.<<HandleRequestBodyAndCompileRequestDelegateForJson>b__2>d.MoveNext()
--- End of stack trace from previous location ---
   at Microsoft.AspNetCore.Authorization.AuthorizationMiddleware.Invoke(HttpContext context)
   at Microsoft.AspNetCore.Authentication.AuthenticationMiddleware.Invoke(HttpContext context)
   at Microsoft.AspNetCore.RateLimiting.RateLimitingMiddleware.InvokeInternal(HttpContext context, EnableRateLimitingAttribute enableRateLimitingAttribute)
   at Swashbuckle.AspNetCore.SwaggerUI.SwaggerUIMiddleware.Invoke(HttpContext httpContext)
   at Swashbuckle.AspNetCore.Swagger.SwaggerMiddleware.Invoke(HttpContext httpContext, ISwaggerProvider swaggerProvider)
   at Serilog.AspNetCore.RequestLoggingMiddleware.Invoke(HttpContext httpContext)
ClientConnectionId:00000000-0000-0000-0000-000000000000
Error Number:258,State:0,Class:20
2026-09-14 22:05:43.171 +08:00 [ERR] An unhandled exception has occurred while executing the request.
Microsoft.Data.SqlClient.SqlException (0x80131904): A network-related or instance-specific error occurred while establishing a connection to SQL Server. The server was not found or was not accessible. Verify that the instance name is correct and that SQL Server is configured to allow remote connections. (provider: TCP Provider, error: 0 - The wait operation timed out.)
 ---> System.ComponentModel.Win32Exception (258): The wait operation timed out.
   at Microsoft.Data.SqlClient.SqlInternalConnection.OnError(SqlException exception, Boolean breakConnection, Action`1 wrapCloseInAction)
   at Microsoft.Data.SqlClient.TdsParser.ThrowExceptionAndWarning(TdsParserStateObject stateObj, SqlCommand command, Boolean callerHasConnectionLock, Boolean asyncClose)
   at Microsoft.Data.SqlClient.TdsParser.Connect(ServerInfo serverInfo, SqlInternalConnectionTds connHandler, TimeoutTimer timeout, SqlConnectionString connectionOptions, Boolean withFailover)
   at Microsoft.Data.SqlClient.SqlInternalConnectionTds.AttemptOneLogin(ServerInfo serverInfo, String newPassword, SecureString newSecurePassword, TimeoutTimer timeout, Boolean withFailover)
   at Microsoft.Data.SqlClient.SqlInternalConnectionTds.LoginNoFailover(ServerInfo serverInfo, String newPassword, SecureString newSecurePassword, Boolean redirectedUserInstance, SqlConnectionString connectionOptions, SqlCredential credential, TimeoutTimer timeout)
   at Microsoft.Data.SqlClient.SqlInternalConnectionTds.OpenLoginEnlist(TimeoutTimer timeout, SqlConnectionString connectionOptions, SqlCredential credential, String newPassword, SecureString newSecurePassword, Boolean redirectedUserInstance)
   at Microsoft.Data.SqlClient.SqlInternalConnectionTds..ctor(DbConnectionPoolIdentity identity, SqlConnectionString connectionOptions, SqlCredential credential, Object providerInfo, String newPassword, SecureString newSecurePassword, Boolean redirectedUserInstance, SqlConnectionString userConnectionOptions, SessionData reconnectSessionData, Boolean applyTransientFaultHandling, String accessToken, DbConnectionPool pool, Func`3 accessTokenCallback)
   at Microsoft.Data.SqlClient.SqlConnectionFactory.CreateConnection(DbConnectionOptions options, DbConnectionPoolKey poolKey, Object poolGroupProviderInfo, DbConnectionPool pool, DbConnection owningConnection, DbConnectionOptions userOptions)
   at Microsoft.Data.ProviderBase.DbConnectionFactory.CreatePooledConnection(DbConnectionPool pool, DbConnection owningObject, DbConnectionOptions options, DbConnectionPoolKey poolKey, DbConnectionOptions userOptions)
   at Microsoft.Data.ProviderBase.DbConnectionPool.CreateObject(DbConnection owningObject, DbConnectionOptions userOptions, DbConnectionInternal oldConnection)
   at Microsoft.Data.ProviderBase.DbConnectionPool.UserCreateRequest(DbConnection owningObject, DbConnectionOptions userOptions, DbConnectionInternal oldConnection)
   at Microsoft.Data.ProviderBase.DbConnectionPool.TryGetConnection(DbConnection owningObject, UInt32 waitForMultipleObjectsTimeout, Boolean allowCreate, Boolean onlyOneCheckConnection, DbConnectionOptions userOptions, DbConnectionInternal& connection)
   at Microsoft.Data.ProviderBase.DbConnectionPool.WaitForPendingOpen()
--- End of stack trace from previous location ---
   at Akrho.Infrastructure.SqlConnectionFactory.OpenAsync(CancellationToken ct) in D:\PROJECTS\AIS\src\Akrho.Infrastructure\SqlConnectionFactory.cs:line 16
   at Akrho.Infrastructure.Repositories.AuthRepository.GetAccountForSignInAsync(String memberNumber, CancellationToken ct) in D:\PROJECTS\AIS\src\Akrho.Infrastructure\Repositories\AuthRepository.cs:line 56
   at Akrho.Api.Features.Auth.AuthEndpoints.SignIn(SignInRequest req, HttpContext http, IAuthRepository repo, IPasswordHasherService hasher, IAccessTokenService tokens, IValidator`1 validator, CancellationToken ct) in D:\PROJECTS\AIS\src\Akrho.Api\Features\Auth\AuthEndpoints.cs:line 31
   at Microsoft.AspNetCore.Http.RequestDelegateFactory.ExecuteTaskResult[T](Task`1 task, HttpContext httpContext)
   at Microsoft.AspNetCore.Http.RequestDelegateFactory.<>c__DisplayClass102_2.<<HandleRequestBodyAndCompileRequestDelegateForJson>b__2>d.MoveNext()
--- End of stack trace from previous location ---
   at Microsoft.AspNetCore.Authorization.AuthorizationMiddleware.Invoke(HttpContext context)
   at Microsoft.AspNetCore.Authentication.AuthenticationMiddleware.Invoke(HttpContext context)
   at Microsoft.AspNetCore.RateLimiting.RateLimitingMiddleware.InvokeInternal(HttpContext context, EnableRateLimitingAttribute enableRateLimitingAttribute)
   at Swashbuckle.AspNetCore.SwaggerUI.SwaggerUIMiddleware.Invoke(HttpContext httpContext)
   at Swashbuckle.AspNetCore.Swagger.SwaggerMiddleware.Invoke(HttpContext httpContext, ISwaggerProvider swaggerProvider)
   at Serilog.AspNetCore.RequestLoggingMiddleware.Invoke(HttpContext httpContext)
   at Microsoft.AspNetCore.Diagnostics.ExceptionHandlerMiddlewareImpl.<Invoke>g__Awaited|10_0(ExceptionHandlerMiddlewareImpl middleware, HttpContext context, Task task)
ClientConnectionId:00000000-0000-0000-0000-000000000000
Error Number:258,State:0,Class:20
2026-09-14 22:05:43.172 +08:00 [ERR] Unhandled error on /api/auth/sign-in
Microsoft.Data.SqlClient.SqlException (0x80131904): A network-related or instance-specific error occurred while establishing a connection to SQL Server. The server was not found or was not accessible. Verify that the instance name is correct and that SQL Server is configured to allow remote connections. (provider: TCP Provider, error: 0 - The wait operation timed out.)
 ---> System.ComponentModel.Win32Exception (258): The wait operation timed out.
   at Microsoft.Data.SqlClient.SqlInternalConnection.OnError(SqlException exception, Boolean breakConnection, Action`1 wrapCloseInAction)
   at Microsoft.Data.SqlClient.TdsParser.ThrowExceptionAndWarning(TdsParserStateObject stateObj, SqlCommand command, Boolean callerHasConnectionLock, Boolean asyncClose)
   at Microsoft.Data.SqlClient.TdsParser.Connect(ServerInfo serverInfo, SqlInternalConnectionTds connHandler, TimeoutTimer timeout, SqlConnectionString connectionOptions, Boolean withFailover)
   at Microsoft.Data.SqlClient.SqlInternalConnectionTds.AttemptOneLogin(ServerInfo serverInfo, String newPassword, SecureString newSecurePassword, TimeoutTimer timeout, Boolean withFailover)
   at Microsoft.Data.SqlClient.SqlInternalConnectionTds.LoginNoFailover(ServerInfo serverInfo, String newPassword, SecureString newSecurePassword, Boolean redirectedUserInstance, SqlConnectionString connectionOptions, SqlCredential credential, TimeoutTimer timeout)
   at Microsoft.Data.SqlClient.SqlInternalConnectionTds.OpenLoginEnlist(TimeoutTimer timeout, SqlConnectionString connectionOptions, SqlCredential credential, String newPassword, SecureString newSecurePassword, Boolean redirectedUserInstance)
   at Microsoft.Data.SqlClient.SqlInternalConnectionTds..ctor(DbConnectionPoolIdentity identity, SqlConnectionString connectionOptions, SqlCredential credential, Object providerInfo, String newPassword, SecureString newSecurePassword, Boolean redirectedUserInstance, SqlConnectionString userConnectionOptions, SessionData reconnectSessionData, Boolean applyTransientFaultHandling, String accessToken, DbConnectionPool pool, Func`3 accessTokenCallback)
   at Microsoft.Data.SqlClient.SqlConnectionFactory.CreateConnection(DbConnectionOptions options, DbConnectionPoolKey poolKey, Object poolGroupProviderInfo, DbConnectionPool pool, DbConnection owningConnection, DbConnectionOptions userOptions)
   at Microsoft.Data.ProviderBase.DbConnectionFactory.CreatePooledConnection(DbConnectionPool pool, DbConnection owningObject, DbConnectionOptions options, DbConnectionPoolKey poolKey, DbConnectionOptions userOptions)
   at Microsoft.Data.ProviderBase.DbConnectionPool.CreateObject(DbConnection owningObject, DbConnectionOptions userOptions, DbConnectionInternal oldConnection)
   at Microsoft.Data.ProviderBase.DbConnectionPool.UserCreateRequest(DbConnection owningObject, DbConnectionOptions userOptions, DbConnectionInternal oldConnection)
   at Microsoft.Data.ProviderBase.DbConnectionPool.TryGetConnection(DbConnection owningObject, UInt32 waitForMultipleObjectsTimeout, Boolean allowCreate, Boolean onlyOneCheckConnection, DbConnectionOptions userOptions, DbConnectionInternal& connection)
   at Microsoft.Data.ProviderBase.DbConnectionPool.WaitForPendingOpen()
--- End of stack trace from previous location ---
   at Akrho.Infrastructure.SqlConnectionFactory.OpenAsync(CancellationToken ct) in D:\PROJECTS\AIS\src\Akrho.Infrastructure\SqlConnectionFactory.cs:line 16
   at Akrho.Infrastructure.Repositories.AuthRepository.GetAccountForSignInAsync(String memberNumber, CancellationToken ct) in D:\PROJECTS\AIS\src\Akrho.Infrastructure\Repositories\AuthRepository.cs:line 56
   at Akrho.Api.Features.Auth.AuthEndpoints.SignIn(SignInRequest req, HttpContext http, IAuthRepository repo, IPasswordHasherService hasher, IAccessTokenService tokens, IValidator`1 validator, CancellationToken ct) in D:\PROJECTS\AIS\src\Akrho.Api\Features\Auth\AuthEndpoints.cs:line 31
   at Microsoft.AspNetCore.Http.RequestDelegateFactory.ExecuteTaskResult[T](Task`1 task, HttpContext httpContext)
   at Microsoft.AspNetCore.Http.RequestDelegateFactory.<>c__DisplayClass102_2.<<HandleRequestBodyAndCompileRequestDelegateForJson>b__2>d.MoveNext()
--- End of stack trace from previous location ---
   at Microsoft.AspNetCore.Authorization.AuthorizationMiddleware.Invoke(HttpContext context)
   at Microsoft.AspNetCore.Authentication.AuthenticationMiddleware.Invoke(HttpContext context)
   at Microsoft.AspNetCore.RateLimiting.RateLimitingMiddleware.InvokeInternal(HttpContext context, EnableRateLimitingAttribute enableRateLimitingAttribute)
   at Swashbuckle.AspNetCore.SwaggerUI.SwaggerUIMiddleware.Invoke(HttpContext httpContext)
   at Swashbuckle.AspNetCore.Swagger.SwaggerMiddleware.Invoke(HttpContext httpContext, ISwaggerProvider swaggerProvider)
   at Serilog.AspNetCore.RequestLoggingMiddleware.Invoke(HttpContext httpContext)
   at Microsoft.AspNetCore.Diagnostics.ExceptionHandlerMiddlewareImpl.<Invoke>g__Awaited|10_0(ExceptionHandlerMiddlewareImpl middleware, HttpContext context, Task task)
ClientConnectionId:00000000-0000-0000-0000-000000000000
Error Number:258,State:0,Class:20
2026-09-14 22:06:56.624 +08:00 [ERR] HTTP GET /api/enrolment/PIn6GinQYsKVa0UQ7mxWpILqjR4qZs33REozIbZD-Ss responded 500 in 15014.4864 ms
Microsoft.Data.SqlClient.SqlException (0x80131904): A network-related or instance-specific error occurred while establishing a connection to SQL Server. The server was not found or was not accessible. Verify that the instance name is correct and that SQL Server is configured to allow remote connections. (provider: TCP Provider, error: 0 - The wait operation timed out.)
 ---> System.ComponentModel.Win32Exception (258): The wait operation timed out.
   at Microsoft.Data.SqlClient.SqlInternalConnection.OnError(SqlException exception, Boolean breakConnection, Action`1 wrapCloseInAction)
   at Microsoft.Data.SqlClient.TdsParser.ThrowExceptionAndWarning(TdsParserStateObject stateObj, SqlCommand command, Boolean callerHasConnectionLock, Boolean asyncClose)
   at Microsoft.Data.SqlClient.TdsParser.Connect(ServerInfo serverInfo, SqlInternalConnectionTds connHandler, TimeoutTimer timeout, SqlConnectionString connectionOptions, Boolean withFailover)
   at Microsoft.Data.SqlClient.SqlInternalConnectionTds.AttemptOneLogin(ServerInfo serverInfo, String newPassword, SecureString newSecurePassword, TimeoutTimer timeout, Boolean withFailover)
   at Microsoft.Data.SqlClient.SqlInternalConnectionTds.LoginNoFailover(ServerInfo serverInfo, String newPassword, SecureString newSecurePassword, Boolean redirectedUserInstance, SqlConnectionString connectionOptions, SqlCredential credential, TimeoutTimer timeout)
   at Microsoft.Data.SqlClient.SqlInternalConnectionTds.OpenLoginEnlist(TimeoutTimer timeout, SqlConnectionString connectionOptions, SqlCredential credential, String newPassword, SecureString newSecurePassword, Boolean redirectedUserInstance)
   at Microsoft.Data.SqlClient.SqlInternalConnectionTds..ctor(DbConnectionPoolIdentity identity, SqlConnectionString connectionOptions, SqlCredential credential, Object providerInfo, String newPassword, SecureString newSecurePassword, Boolean redirectedUserInstance, SqlConnectionString userConnectionOptions, SessionData reconnectSessionData, Boolean applyTransientFaultHandling, String accessToken, DbConnectionPool pool, Func`3 accessTokenCallback)
   at Microsoft.Data.SqlClient.SqlConnectionFactory.CreateConnection(DbConnectionOptions options, DbConnectionPoolKey poolKey, Object poolGroupProviderInfo, DbConnectionPool pool, DbConnection owningConnection, DbConnectionOptions userOptions)
   at Microsoft.Data.ProviderBase.DbConnectionFactory.CreatePooledConnection(DbConnectionPool pool, DbConnection owningObject, DbConnectionOptions options, DbConnectionPoolKey poolKey, DbConnectionOptions userOptions)
   at Microsoft.Data.ProviderBase.DbConnectionPool.CreateObject(DbConnection owningObject, DbConnectionOptions userOptions, DbConnectionInternal oldConnection)
   at Microsoft.Data.ProviderBase.DbConnectionPool.UserCreateRequest(DbConnection owningObject, DbConnectionOptions userOptions, DbConnectionInternal oldConnection)
   at Microsoft.Data.ProviderBase.DbConnectionPool.TryGetConnection(DbConnection owningObject, UInt32 waitForMultipleObjectsTimeout, Boolean allowCreate, Boolean onlyOneCheckConnection, DbConnectionOptions userOptions, DbConnectionInternal& connection)
   at Microsoft.Data.ProviderBase.DbConnectionPool.WaitForPendingOpen()
--- End of stack trace from previous location ---
   at Akrho.Infrastructure.SqlConnectionFactory.OpenAsync(CancellationToken ct) in D:\PROJECTS\AIS\src\Akrho.Infrastructure\SqlConnectionFactory.cs:line 16
   at Akrho.Infrastructure.Repositories.EnrolmentRepository.GetAsync(Byte[] tokenHash, CancellationToken ct) in D:\PROJECTS\AIS\src\Akrho.Infrastructure\Repositories\EnrolmentRepository.cs:line 38
   at Akrho.Api.Features.Enrolment.EnrolmentEndpoints.Get(String token, IEnrolmentRepository repo, CancellationToken ct) in D:\PROJECTS\AIS\src\Akrho.Api\Features\Enrolment\EnrolmentEndpoints.cs:line 29
   at Microsoft.AspNetCore.Http.RequestDelegateFactory.ExecuteTaskResult[T](Task`1 task, HttpContext httpContext)
   at Microsoft.AspNetCore.Authorization.AuthorizationMiddleware.Invoke(HttpContext context)
   at Microsoft.AspNetCore.Authentication.AuthenticationMiddleware.Invoke(HttpContext context)
   at Swashbuckle.AspNetCore.SwaggerUI.SwaggerUIMiddleware.Invoke(HttpContext httpContext)
   at Swashbuckle.AspNetCore.Swagger.SwaggerMiddleware.Invoke(HttpContext httpContext, ISwaggerProvider swaggerProvider)
   at Serilog.AspNetCore.RequestLoggingMiddleware.Invoke(HttpContext httpContext)
ClientConnectionId:00000000-0000-0000-0000-000000000000
Error Number:258,State:0,Class:20
2026-09-14 22:06:56.624 +08:00 [ERR] An unhandled exception has occurred while executing the request.
Microsoft.Data.SqlClient.SqlException (0x80131904): A network-related or instance-specific error occurred while establishing a connection to SQL Server. The server was not found or was not accessible. Verify that the instance name is correct and that SQL Server is configured to allow remote connections. (provider: TCP Provider, error: 0 - The wait operation timed out.)
 ---> System.ComponentModel.Win32Exception (258): The wait operation timed out.
   at Microsoft.Data.SqlClient.SqlInternalConnection.OnError(SqlException exception, Boolean breakConnection, Action`1 wrapCloseInAction)
   at Microsoft.Data.SqlClient.TdsParser.ThrowExceptionAndWarning(TdsParserStateObject stateObj, SqlCommand command, Boolean callerHasConnectionLock, Boolean asyncClose)
   at Microsoft.Data.SqlClient.TdsParser.Connect(ServerInfo serverInfo, SqlInternalConnectionTds connHandler, TimeoutTimer timeout, SqlConnectionString connectionOptions, Boolean withFailover)
   at Microsoft.Data.SqlClient.SqlInternalConnectionTds.AttemptOneLogin(ServerInfo serverInfo, String newPassword, SecureString newSecurePassword, TimeoutTimer timeout, Boolean withFailover)
   at Microsoft.Data.SqlClient.SqlInternalConnectionTds.LoginNoFailover(ServerInfo serverInfo, String newPassword, SecureString newSecurePassword, Boolean redirectedUserInstance, SqlConnectionString connectionOptions, SqlCredential credential, TimeoutTimer timeout)
   at Microsoft.Data.SqlClient.SqlInternalConnectionTds.OpenLoginEnlist(TimeoutTimer timeout, SqlConnectionString connectionOptions, SqlCredential credential, String newPassword, SecureString newSecurePassword, Boolean redirectedUserInstance)
   at Microsoft.Data.SqlClient.SqlInternalConnectionTds..ctor(DbConnectionPoolIdentity identity, SqlConnectionString connectionOptions, SqlCredential credential, Object providerInfo, String newPassword, SecureString newSecurePassword, Boolean redirectedUserInstance, SqlConnectionString userConnectionOptions, SessionData reconnectSessionData, Boolean applyTransientFaultHandling, String accessToken, DbConnectionPool pool, Func`3 accessTokenCallback)
   at Microsoft.Data.SqlClient.SqlConnectionFactory.CreateConnection(DbConnectionOptions options, DbConnectionPoolKey poolKey, Object poolGroupProviderInfo, DbConnectionPool pool, DbConnection owningConnection, DbConnectionOptions userOptions)
   at Microsoft.Data.ProviderBase.DbConnectionFactory.CreatePooledConnection(DbConnectionPool pool, DbConnection owningObject, DbConnectionOptions options, DbConnectionPoolKey poolKey, DbConnectionOptions userOptions)
   at Microsoft.Data.ProviderBase.DbConnectionPool.CreateObject(DbConnection owningObject, DbConnectionOptions userOptions, DbConnectionInternal oldConnection)
   at Microsoft.Data.ProviderBase.DbConnectionPool.UserCreateRequest(DbConnection owningObject, DbConnectionOptions userOptions, DbConnectionInternal oldConnection)
   at Microsoft.Data.ProviderBase.DbConnectionPool.TryGetConnection(DbConnection owningObject, UInt32 waitForMultipleObjectsTimeout, Boolean allowCreate, Boolean onlyOneCheckConnection, DbConnectionOptions userOptions, DbConnectionInternal& connection)
   at Microsoft.Data.ProviderBase.DbConnectionPool.WaitForPendingOpen()
--- End of stack trace from previous location ---
   at Akrho.Infrastructure.SqlConnectionFactory.OpenAsync(CancellationToken ct) in D:\PROJECTS\AIS\src\Akrho.Infrastructure\SqlConnectionFactory.cs:line 16
   at Akrho.Infrastructure.Repositories.EnrolmentRepository.GetAsync(Byte[] tokenHash, CancellationToken ct) in D:\PROJECTS\AIS\src\Akrho.Infrastructure\Repositories\EnrolmentRepository.cs:line 38
   at Akrho.Api.Features.Enrolment.EnrolmentEndpoints.Get(String token, IEnrolmentRepository repo, CancellationToken ct) in D:\PROJECTS\AIS\src\Akrho.Api\Features\Enrolment\EnrolmentEndpoints.cs:line 29
   at Microsoft.AspNetCore.Http.RequestDelegateFactory.ExecuteTaskResult[T](Task`1 task, HttpContext httpContext)
   at Microsoft.AspNetCore.Authorization.AuthorizationMiddleware.Invoke(HttpContext context)
   at Microsoft.AspNetCore.Authentication.AuthenticationMiddleware.Invoke(HttpContext context)
   at Swashbuckle.AspNetCore.SwaggerUI.SwaggerUIMiddleware.Invoke(HttpContext httpContext)
   at Swashbuckle.AspNetCore.Swagger.SwaggerMiddleware.Invoke(HttpContext httpContext, ISwaggerProvider swaggerProvider)
   at Serilog.AspNetCore.RequestLoggingMiddleware.Invoke(HttpContext httpContext)
   at Microsoft.AspNetCore.Diagnostics.ExceptionHandlerMiddlewareImpl.<Invoke>g__Awaited|10_0(ExceptionHandlerMiddlewareImpl middleware, HttpContext context, Task task)
ClientConnectionId:00000000-0000-0000-0000-000000000000
Error Number:258,State:0,Class:20
2026-09-14 22:06:56.625 +08:00 [ERR] Unhandled error on /api/enrolment/PIn6GinQYsKVa0UQ7mxWpILqjR4qZs33REozIbZD-Ss
Microsoft.Data.SqlClient.SqlException (0x80131904): A network-related or instance-specific error occurred while establishing a connection to SQL Server. The server was not found or was not accessible. Verify that the instance name is correct and that SQL Server is configured to allow remote connections. (provider: TCP Provider, error: 0 - The wait operation timed out.)
 ---> System.ComponentModel.Win32Exception (258): The wait operation timed out.
   at Microsoft.Data.SqlClient.SqlInternalConnection.OnError(SqlException exception, Boolean breakConnection, Action`1 wrapCloseInAction)
   at Microsoft.Data.SqlClient.TdsParser.ThrowExceptionAndWarning(TdsParserStateObject stateObj, SqlCommand command, Boolean callerHasConnectionLock, Boolean asyncClose)
   at Microsoft.Data.SqlClient.TdsParser.Connect(ServerInfo serverInfo, SqlInternalConnectionTds connHandler, TimeoutTimer timeout, SqlConnectionString connectionOptions, Boolean withFailover)
   at Microsoft.Data.SqlClient.SqlInternalConnectionTds.AttemptOneLogin(ServerInfo serverInfo, String newPassword, SecureString newSecurePassword, TimeoutTimer timeout, Boolean withFailover)
   at Microsoft.Data.SqlClient.SqlInternalConnectionTds.LoginNoFailover(ServerInfo serverInfo, String newPassword, SecureString newSecurePassword, Boolean redirectedUserInstance, SqlConnectionString connectionOptions, SqlCredential credential, TimeoutTimer timeout)
   at Microsoft.Data.SqlClient.SqlInternalConnectionTds.OpenLoginEnlist(TimeoutTimer timeout, SqlConnectionString connectionOptions, SqlCredential credential, String newPassword, SecureString newSecurePassword, Boolean redirectedUserInstance)
   at Microsoft.Data.SqlClient.SqlInternalConnectionTds..ctor(DbConnectionPoolIdentity identity, SqlConnectionString connectionOptions, SqlCredential credential, Object providerInfo, String newPassword, SecureString newSecurePassword, Boolean redirectedUserInstance, SqlConnectionString userConnectionOptions, SessionData reconnectSessionData, Boolean applyTransientFaultHandling, String accessToken, DbConnectionPool pool, Func`3 accessTokenCallback)
   at Microsoft.Data.SqlClient.SqlConnectionFactory.CreateConnection(DbConnectionOptions options, DbConnectionPoolKey poolKey, Object poolGroupProviderInfo, DbConnectionPool pool, DbConnection owningConnection, DbConnectionOptions userOptions)
   at Microsoft.Data.ProviderBase.DbConnectionFactory.CreatePooledConnection(DbConnectionPool pool, DbConnection owningObject, DbConnectionOptions options, DbConnectionPoolKey poolKey, DbConnectionOptions userOptions)
   at Microsoft.Data.ProviderBase.DbConnectionPool.CreateObject(DbConnection owningObject, DbConnectionOptions userOptions, DbConnectionInternal oldConnection)
   at Microsoft.Data.ProviderBase.DbConnectionPool.UserCreateRequest(DbConnection owningObject, DbConnectionOptions userOptions, DbConnectionInternal oldConnection)
   at Microsoft.Data.ProviderBase.DbConnectionPool.TryGetConnection(DbConnection owningObject, UInt32 waitForMultipleObjectsTimeout, Boolean allowCreate, Boolean onlyOneCheckConnection, DbConnectionOptions userOptions, DbConnectionInternal& connection)
   at Microsoft.Data.ProviderBase.DbConnectionPool.WaitForPendingOpen()
--- End of stack trace from previous location ---
   at Akrho.Infrastructure.SqlConnectionFactory.OpenAsync(CancellationToken ct) in D:\PROJECTS\AIS\src\Akrho.Infrastructure\SqlConnectionFactory.cs:line 16
   at Akrho.Infrastructure.Repositories.EnrolmentRepository.GetAsync(Byte[] tokenHash, CancellationToken ct) in D:\PROJECTS\AIS\src\Akrho.Infrastructure\Repositories\EnrolmentRepository.cs:line 38
   at Akrho.Api.Features.Enrolment.EnrolmentEndpoints.Get(String token, IEnrolmentRepository repo, CancellationToken ct) in D:\PROJECTS\AIS\src\Akrho.Api\Features\Enrolment\EnrolmentEndpoints.cs:line 29
   at Microsoft.AspNetCore.Http.RequestDelegateFactory.ExecuteTaskResult[T](Task`1 task, HttpContext httpContext)
   at Microsoft.AspNetCore.Authorization.AuthorizationMiddleware.Invoke(HttpContext context)
   at Microsoft.AspNetCore.Authentication.AuthenticationMiddleware.Invoke(HttpContext context)
   at Swashbuckle.AspNetCore.SwaggerUI.SwaggerUIMiddleware.Invoke(HttpContext httpContext)
   at Swashbuckle.AspNetCore.Swagger.SwaggerMiddleware.Invoke(HttpContext httpContext, ISwaggerProvider swaggerProvider)
   at Serilog.AspNetCore.RequestLoggingMiddleware.Invoke(HttpContext httpContext)
   at Microsoft.AspNetCore.Diagnostics.ExceptionHandlerMiddlewareImpl.<Invoke>g__Awaited|10_0(ExceptionHandlerMiddlewareImpl middleware, HttpContext context, Task task)
ClientConnectionId:00000000-0000-0000-0000-000000000000
Error Number:258,State:0,Class:20
2026-09-14 22:07:37.273 +08:00 [ERR] HTTP GET /api/enrolment/PIn6GinQYsKVa0UQ7mxWpILqjR4qZs33REozIbZD-Ss responded 500 in 15010.2905 ms
Microsoft.Data.SqlClient.SqlException (0x80131904): A network-related or instance-specific error occurred while establishing a connection to SQL Server. The server was not found or was not accessible. Verify that the instance name is correct and that SQL Server is configured to allow remote connections. (provider: TCP Provider, error: 0 - The wait operation timed out.)
 ---> System.ComponentModel.Win32Exception (258): The wait operation timed out.
   at Microsoft.Data.SqlClient.SqlInternalConnection.OnError(SqlException exception, Boolean breakConnection, Action`1 wrapCloseInAction)
   at Microsoft.Data.SqlClient.TdsParser.ThrowExceptionAndWarning(TdsParserStateObject stateObj, SqlCommand command, Boolean callerHasConnectionLock, Boolean asyncClose)
   at Microsoft.Data.SqlClient.TdsParser.Connect(ServerInfo serverInfo, SqlInternalConnectionTds connHandler, TimeoutTimer timeout, SqlConnectionString connectionOptions, Boolean withFailover)
   at Microsoft.Data.SqlClient.SqlInternalConnectionTds.AttemptOneLogin(ServerInfo serverInfo, String newPassword, SecureString newSecurePassword, TimeoutTimer timeout, Boolean withFailover)
   at Microsoft.Data.SqlClient.SqlInternalConnectionTds.LoginNoFailover(ServerInfo serverInfo, String newPassword, SecureString newSecurePassword, Boolean redirectedUserInstance, SqlConnectionString connectionOptions, SqlCredential credential, TimeoutTimer timeout)
   at Microsoft.Data.SqlClient.SqlInternalConnectionTds.OpenLoginEnlist(TimeoutTimer timeout, SqlConnectionString connectionOptions, SqlCredential credential, String newPassword, SecureString newSecurePassword, Boolean redirectedUserInstance)
   at Microsoft.Data.SqlClient.SqlInternalConnectionTds..ctor(DbConnectionPoolIdentity identity, SqlConnectionString connectionOptions, SqlCredential credential, Object providerInfo, String newPassword, SecureString newSecurePassword, Boolean redirectedUserInstance, SqlConnectionString userConnectionOptions, SessionData reconnectSessionData, Boolean applyTransientFaultHandling, String accessToken, DbConnectionPool pool, Func`3 accessTokenCallback)
   at Microsoft.Data.SqlClient.SqlConnectionFactory.CreateConnection(DbConnectionOptions options, DbConnectionPoolKey poolKey, Object poolGroupProviderInfo, DbConnectionPool pool, DbConnection owningConnection, DbConnectionOptions userOptions)
   at Microsoft.Data.ProviderBase.DbConnectionFactory.CreatePooledConnection(DbConnectionPool pool, DbConnection owningObject, DbConnectionOptions options, DbConnectionPoolKey poolKey, DbConnectionOptions userOptions)
   at Microsoft.Data.ProviderBase.DbConnectionPool.CreateObject(DbConnection owningObject, DbConnectionOptions userOptions, DbConnectionInternal oldConnection)
   at Microsoft.Data.ProviderBase.DbConnectionPool.UserCreateRequest(DbConnection owningObject, DbConnectionOptions userOptions, DbConnectionInternal oldConnection)
   at Microsoft.Data.ProviderBase.DbConnectionPool.TryGetConnection(DbConnection owningObject, UInt32 waitForMultipleObjectsTimeout, Boolean allowCreate, Boolean onlyOneCheckConnection, DbConnectionOptions userOptions, DbConnectionInternal& connection)
   at Microsoft.Data.ProviderBase.DbConnectionPool.WaitForPendingOpen()
--- End of stack trace from previous location ---
   at Akrho.Infrastructure.SqlConnectionFactory.OpenAsync(CancellationToken ct) in D:\PROJECTS\AIS\src\Akrho.Infrastructure\SqlConnectionFactory.cs:line 16
   at Akrho.Infrastructure.Repositories.EnrolmentRepository.GetAsync(Byte[] tokenHash, CancellationToken ct) in D:\PROJECTS\AIS\src\Akrho.Infrastructure\Repositories\EnrolmentRepository.cs:line 38
   at Akrho.Api.Features.Enrolment.EnrolmentEndpoints.Get(String token, IEnrolmentRepository repo, CancellationToken ct) in D:\PROJECTS\AIS\src\Akrho.Api\Features\Enrolment\EnrolmentEndpoints.cs:line 29
   at Microsoft.AspNetCore.Http.RequestDelegateFactory.ExecuteTaskResult[T](Task`1 task, HttpContext httpContext)
   at Microsoft.AspNetCore.Authorization.AuthorizationMiddleware.Invoke(HttpContext context)
   at Microsoft.AspNetCore.Authentication.AuthenticationMiddleware.Invoke(HttpContext context)
   at Swashbuckle.AspNetCore.SwaggerUI.SwaggerUIMiddleware.Invoke(HttpContext httpContext)
   at Swashbuckle.AspNetCore.Swagger.SwaggerMiddleware.Invoke(HttpContext httpContext, ISwaggerProvider swaggerProvider)
   at Serilog.AspNetCore.RequestLoggingMiddleware.Invoke(HttpContext httpContext)
ClientConnectionId:00000000-0000-0000-0000-000000000000
Error Number:258,State:0,Class:20
2026-09-14 22:07:37.274 +08:00 [ERR] An unhandled exception has occurred while executing the request.
Microsoft.Data.SqlClient.SqlException (0x80131904): A network-related or instance-specific error occurred while establishing a connection to SQL Server. The server was not found or was not accessible. Verify that the instance name is correct and that SQL Server is configured to allow remote connections. (provider: TCP Provider, error: 0 - The wait operation timed out.)
 ---> System.ComponentModel.Win32Exception (258): The wait operation timed out.
   at Microsoft.Data.SqlClient.SqlInternalConnection.OnError(SqlException exception, Boolean breakConnection, Action`1 wrapCloseInAction)
   at Microsoft.Data.SqlClient.TdsParser.ThrowExceptionAndWarning(TdsParserStateObject stateObj, SqlCommand command, Boolean callerHasConnectionLock, Boolean asyncClose)
   at Microsoft.Data.SqlClient.TdsParser.Connect(ServerInfo serverInfo, SqlInternalConnectionTds connHandler, TimeoutTimer timeout, SqlConnectionString connectionOptions, Boolean withFailover)
   at Microsoft.Data.SqlClient.SqlInternalConnectionTds.AttemptOneLogin(ServerInfo serverInfo, String newPassword, SecureString newSecurePassword, TimeoutTimer timeout, Boolean withFailover)
   at Microsoft.Data.SqlClient.SqlInternalConnectionTds.LoginNoFailover(ServerInfo serverInfo, String newPassword, SecureString newSecurePassword, Boolean redirectedUserInstance, SqlConnectionString connectionOptions, SqlCredential credential, TimeoutTimer timeout)
   at Microsoft.Data.SqlClient.SqlInternalConnectionTds.OpenLoginEnlist(TimeoutTimer timeout, SqlConnectionString connectionOptions, SqlCredential credential, String newPassword, SecureString newSecurePassword, Boolean redirectedUserInstance)
   at Microsoft.Data.SqlClient.SqlInternalConnectionTds..ctor(DbConnectionPoolIdentity identity, SqlConnectionString connectionOptions, SqlCredential credential, Object providerInfo, String newPassword, SecureString newSecurePassword, Boolean redirectedUserInstance, SqlConnectionString userConnectionOptions, SessionData reconnectSessionData, Boolean applyTransientFaultHandling, String accessToken, DbConnectionPool pool, Func`3 accessTokenCallback)
   at Microsoft.Data.SqlClient.SqlConnectionFactory.CreateConnection(DbConnectionOptions options, DbConnectionPoolKey poolKey, Object poolGroupProviderInfo, DbConnectionPool pool, DbConnection owningConnection, DbConnectionOptions userOptions)
   at Microsoft.Data.ProviderBase.DbConnectionFactory.CreatePooledConnection(DbConnectionPool pool, DbConnection owningObject, DbConnectionOptions options, DbConnectionPoolKey poolKey, DbConnectionOptions userOptions)
   at Microsoft.Data.ProviderBase.DbConnectionPool.CreateObject(DbConnection owningObject, DbConnectionOptions userOptions, DbConnectionInternal oldConnection)
   at Microsoft.Data.ProviderBase.DbConnectionPool.UserCreateRequest(DbConnection owningObject, DbConnectionOptions userOptions, DbConnectionInternal oldConnection)
   at Microsoft.Data.ProviderBase.DbConnectionPool.TryGetConnection(DbConnection owningObject, UInt32 waitForMultipleObjectsTimeout, Boolean allowCreate, Boolean onlyOneCheckConnection, DbConnectionOptions userOptions, DbConnectionInternal& connection)
   at Microsoft.Data.ProviderBase.DbConnectionPool.WaitForPendingOpen()
--- End of stack trace from previous location ---
   at Akrho.Infrastructure.SqlConnectionFactory.OpenAsync(CancellationToken ct) in D:\PROJECTS\AIS\src\Akrho.Infrastructure\SqlConnectionFactory.cs:line 16
   at Akrho.Infrastructure.Repositories.EnrolmentRepository.GetAsync(Byte[] tokenHash, CancellationToken ct) in D:\PROJECTS\AIS\src\Akrho.Infrastructure\Repositories\EnrolmentRepository.cs:line 38
   at Akrho.Api.Features.Enrolment.EnrolmentEndpoints.Get(String token, IEnrolmentRepository repo, CancellationToken ct) in D:\PROJECTS\AIS\src\Akrho.Api\Features\Enrolment\EnrolmentEndpoints.cs:line 29
   at Microsoft.AspNetCore.Http.RequestDelegateFactory.ExecuteTaskResult[T](Task`1 task, HttpContext httpContext)
   at Microsoft.AspNetCore.Authorization.AuthorizationMiddleware.Invoke(HttpContext context)
   at Microsoft.AspNetCore.Authentication.AuthenticationMiddleware.Invoke(HttpContext context)
   at Swashbuckle.AspNetCore.SwaggerUI.SwaggerUIMiddleware.Invoke(HttpContext httpContext)
   at Swashbuckle.AspNetCore.Swagger.SwaggerMiddleware.Invoke(HttpContext httpContext, ISwaggerProvider swaggerProvider)
   at Serilog.AspNetCore.RequestLoggingMiddleware.Invoke(HttpContext httpContext)
   at Microsoft.AspNetCore.Diagnostics.ExceptionHandlerMiddlewareImpl.<Invoke>g__Awaited|10_0(ExceptionHandlerMiddlewareImpl middleware, HttpContext context, Task task)
ClientConnectionId:00000000-0000-0000-0000-000000000000
Error Number:258,State:0,Class:20
2026-09-14 22:07:37.275 +08:00 [ERR] Unhandled error on /api/enrolment/PIn6GinQYsKVa0UQ7mxWpILqjR4qZs33REozIbZD-Ss
Microsoft.Data.SqlClient.SqlException (0x80131904): A network-related or instance-specific error occurred while establishing a connection to SQL Server. The server was not found or was not accessible. Verify that the instance name is correct and that SQL Server is configured to allow remote connections. (provider: TCP Provider, error: 0 - The wait operation timed out.)
 ---> System.ComponentModel.Win32Exception (258): The wait operation timed out.
   at Microsoft.Data.SqlClient.SqlInternalConnection.OnError(SqlException exception, Boolean breakConnection, Action`1 wrapCloseInAction)
   at Microsoft.Data.SqlClient.TdsParser.ThrowExceptionAndWarning(TdsParserStateObject stateObj, SqlCommand command, Boolean callerHasConnectionLock, Boolean asyncClose)
   at Microsoft.Data.SqlClient.TdsParser.Connect(ServerInfo serverInfo, SqlInternalConnectionTds connHandler, TimeoutTimer timeout, SqlConnectionString connectionOptions, Boolean withFailover)
   at Microsoft.Data.SqlClient.SqlInternalConnectionTds.AttemptOneLogin(ServerInfo serverInfo, String newPassword, SecureString newSecurePassword, TimeoutTimer timeout, Boolean withFailover)
   at Microsoft.Data.SqlClient.SqlInternalConnectionTds.LoginNoFailover(ServerInfo serverInfo, String newPassword, SecureString newSecurePassword, Boolean redirectedUserInstance, SqlConnectionString connectionOptions, SqlCredential credential, TimeoutTimer timeout)
   at Microsoft.Data.SqlClient.SqlInternalConnectionTds.OpenLoginEnlist(TimeoutTimer timeout, SqlConnectionString connectionOptions, SqlCredential credential, String newPassword, SecureString newSecurePassword, Boolean redirectedUserInstance)
   at Microsoft.Data.SqlClient.SqlInternalConnectionTds..ctor(DbConnectionPoolIdentity identity, SqlConnectionString connectionOptions, SqlCredential credential, Object providerInfo, String newPassword, SecureString newSecurePassword, Boolean redirectedUserInstance, SqlConnectionString userConnectionOptions, SessionData reconnectSessionData, Boolean applyTransientFaultHandling, String accessToken, DbConnectionPool pool, Func`3 accessTokenCallback)
   at Microsoft.Data.SqlClient.SqlConnectionFactory.CreateConnection(DbConnectionOptions options, DbConnectionPoolKey poolKey, Object poolGroupProviderInfo, DbConnectionPool pool, DbConnection owningConnection, DbConnectionOptions userOptions)
   at Microsoft.Data.ProviderBase.DbConnectionFactory.CreatePooledConnection(DbConnectionPool pool, DbConnection owningObject, DbConnectionOptions options, DbConnectionPoolKey poolKey, DbConnectionOptions userOptions)
   at Microsoft.Data.ProviderBase.DbConnectionPool.CreateObject(DbConnection owningObject, DbConnectionOptions userOptions, DbConnectionInternal oldConnection)
   at Microsoft.Data.ProviderBase.DbConnectionPool.UserCreateRequest(DbConnection owningObject, DbConnectionOptions userOptions, DbConnectionInternal oldConnection)
   at Microsoft.Data.ProviderBase.DbConnectionPool.TryGetConnection(DbConnection owningObject, UInt32 waitForMultipleObjectsTimeout, Boolean allowCreate, Boolean onlyOneCheckConnection, DbConnectionOptions userOptions, DbConnectionInternal& connection)
   at Microsoft.Data.ProviderBase.DbConnectionPool.WaitForPendingOpen()
--- End of stack trace from previous location ---
   at Akrho.Infrastructure.SqlConnectionFactory.OpenAsync(CancellationToken ct) in D:\PROJECTS\AIS\src\Akrho.Infrastructure\SqlConnectionFactory.cs:line 16
   at Akrho.Infrastructure.Repositories.EnrolmentRepository.GetAsync(Byte[] tokenHash, CancellationToken ct) in D:\PROJECTS\AIS\src\Akrho.Infrastructure\Repositories\EnrolmentRepository.cs:line 38
   at Akrho.Api.Features.Enrolment.EnrolmentEndpoints.Get(String token, IEnrolmentRepository repo, CancellationToken ct) in D:\PROJECTS\AIS\src\Akrho.Api\Features\Enrolment\EnrolmentEndpoints.cs:line 29
   at Microsoft.AspNetCore.Http.RequestDelegateFactory.ExecuteTaskResult[T](Task`1 task, HttpContext httpContext)
   at Microsoft.AspNetCore.Authorization.AuthorizationMiddleware.Invoke(HttpContext context)
   at Microsoft.AspNetCore.Authentication.AuthenticationMiddleware.Invoke(HttpContext context)
   at Swashbuckle.AspNetCore.SwaggerUI.SwaggerUIMiddleware.Invoke(HttpContext httpContext)
   at Swashbuckle.AspNetCore.Swagger.SwaggerMiddleware.Invoke(HttpContext httpContext, ISwaggerProvider swaggerProvider)
   at Serilog.AspNetCore.RequestLoggingMiddleware.Invoke(HttpContext httpContext)
   at Microsoft.AspNetCore.Diagnostics.ExceptionHandlerMiddlewareImpl.<Invoke>g__Awaited|10_0(ExceptionHandlerMiddlewareImpl middleware, HttpContext context, Task task)
ClientConnectionId:00000000-0000-0000-0000-000000000000
Error Number:258,State:0,Class:20
2026-09-14 22:08:39.074 +08:00 [INF] HTTP GET /enrol/PIn6GinQYsKVa0UQ7mxWpILqjR4qZs33REozIbZD-Ss responded 404 in 0.2551 ms
2026-09-14 22:08:58.430 +08:00 [ERR] HTTP GET /api/enrolment/PIn6GinQYsKVa0UQ7mxWpILqjR4qZs33REozIbZD-Ss responded 500 in 14996.6571 ms
Microsoft.Data.SqlClient.SqlException (0x80131904): A network-related or instance-specific error occurred while establishing a connection to SQL Server. The server was not found or was not accessible. Verify that the instance name is correct and that SQL Server is configured to allow remote connections. (provider: TCP Provider, error: 0 - The wait operation timed out.)
 ---> System.ComponentModel.Win32Exception (258): The wait operation timed out.
   at Microsoft.Data.SqlClient.SqlInternalConnection.OnError(SqlException exception, Boolean breakConnection, Action`1 wrapCloseInAction)
   at Microsoft.Data.SqlClient.TdsParser.ThrowExceptionAndWarning(TdsParserStateObject stateObj, SqlCommand command, Boolean callerHasConnectionLock, Boolean asyncClose)
   at Microsoft.Data.SqlClient.TdsParser.Connect(ServerInfo serverInfo, SqlInternalConnectionTds connHandler, TimeoutTimer timeout, SqlConnectionString connectionOptions, Boolean withFailover)
   at Microsoft.Data.SqlClient.SqlInternalConnectionTds.AttemptOneLogin(ServerInfo serverInfo, String newPassword, SecureString newSecurePassword, TimeoutTimer timeout, Boolean withFailover)
   at Microsoft.Data.SqlClient.SqlInternalConnectionTds.LoginNoFailover(ServerInfo serverInfo, String newPassword, SecureString newSecurePassword, Boolean redirectedUserInstance, SqlConnectionString connectionOptions, SqlCredential credential, TimeoutTimer timeout)
   at Microsoft.Data.SqlClient.SqlInternalConnectionTds.OpenLoginEnlist(TimeoutTimer timeout, SqlConnectionString connectionOptions, SqlCredential credential, String newPassword, SecureString newSecurePassword, Boolean redirectedUserInstance)
   at Microsoft.Data.SqlClient.SqlInternalConnectionTds..ctor(DbConnectionPoolIdentity identity, SqlConnectionString connectionOptions, SqlCredential credential, Object providerInfo, String newPassword, SecureString newSecurePassword, Boolean redirectedUserInstance, SqlConnectionString userConnectionOptions, SessionData reconnectSessionData, Boolean applyTransientFaultHandling, String accessToken, DbConnectionPool pool, Func`3 accessTokenCallback)
   at Microsoft.Data.SqlClient.SqlConnectionFactory.CreateConnection(DbConnectionOptions options, DbConnectionPoolKey poolKey, Object poolGroupProviderInfo, DbConnectionPool pool, DbConnection owningConnection, DbConnectionOptions userOptions)
   at Microsoft.Data.ProviderBase.DbConnectionFactory.CreatePooledConnection(DbConnectionPool pool, DbConnection owningObject, DbConnectionOptions options, DbConnectionPoolKey poolKey, DbConnectionOptions userOptions)
   at Microsoft.Data.ProviderBase.DbConnectionPool.CreateObject(DbConnection owningObject, DbConnectionOptions userOptions, DbConnectionInternal oldConnection)
   at Microsoft.Data.ProviderBase.DbConnectionPool.UserCreateRequest(DbConnection owningObject, DbConnectionOptions userOptions, DbConnectionInternal oldConnection)
   at Microsoft.Data.ProviderBase.DbConnectionPool.TryGetConnection(DbConnection owningObject, UInt32 waitForMultipleObjectsTimeout, Boolean allowCreate, Boolean onlyOneCheckConnection, DbConnectionOptions userOptions, DbConnectionInternal& connection)
   at Microsoft.Data.ProviderBase.DbConnectionPool.WaitForPendingOpen()
--- End of stack trace from previous location ---
   at Akrho.Infrastructure.SqlConnectionFactory.OpenAsync(CancellationToken ct) in D:\PROJECTS\AIS\src\Akrho.Infrastructure\SqlConnectionFactory.cs:line 16
   at Akrho.Infrastructure.Repositories.EnrolmentRepository.GetAsync(Byte[] tokenHash, CancellationToken ct) in D:\PROJECTS\AIS\src\Akrho.Infrastructure\Repositories\EnrolmentRepository.cs:line 38
   at Akrho.Api.Features.Enrolment.EnrolmentEndpoints.Get(String token, IEnrolmentRepository repo, CancellationToken ct) in D:\PROJECTS\AIS\src\Akrho.Api\Features\Enrolment\EnrolmentEndpoints.cs:line 29
   at Microsoft.AspNetCore.Http.RequestDelegateFactory.ExecuteTaskResult[T](Task`1 task, HttpContext httpContext)
   at Microsoft.AspNetCore.Authorization.AuthorizationMiddleware.Invoke(HttpContext context)
   at Microsoft.AspNetCore.Authentication.AuthenticationMiddleware.Invoke(HttpContext context)
   at Swashbuckle.AspNetCore.SwaggerUI.SwaggerUIMiddleware.Invoke(HttpContext httpContext)
   at Swashbuckle.AspNetCore.Swagger.SwaggerMiddleware.Invoke(HttpContext httpContext, ISwaggerProvider swaggerProvider)
   at Serilog.AspNetCore.RequestLoggingMiddleware.Invoke(HttpContext httpContext)
ClientConnectionId:00000000-0000-0000-0000-000000000000
Error Number:258,State:0,Class:20
2026-09-14 22:08:58.430 +08:00 [ERR] An unhandled exception has occurred while executing the request.
Microsoft.Data.SqlClient.SqlException (0x80131904): A network-related or instance-specific error occurred while establishing a connection to SQL Server. The server was not found or was not accessible. Verify that the instance name is correct and that SQL Server is configured to allow remote connections. (provider: TCP Provider, error: 0 - The wait operation timed out.)
 ---> System.ComponentModel.Win32Exception (258): The wait operation timed out.
   at Microsoft.Data.SqlClient.SqlInternalConnection.OnError(SqlException exception, Boolean breakConnection, Action`1 wrapCloseInAction)
   at Microsoft.Data.SqlClient.TdsParser.ThrowExceptionAndWarning(TdsParserStateObject stateObj, SqlCommand command, Boolean callerHasConnectionLock, Boolean asyncClose)
   at Microsoft.Data.SqlClient.TdsParser.Connect(ServerInfo serverInfo, SqlInternalConnectionTds connHandler, TimeoutTimer timeout, SqlConnectionString connectionOptions, Boolean withFailover)
   at Microsoft.Data.SqlClient.SqlInternalConnectionTds.AttemptOneLogin(ServerInfo serverInfo, String newPassword, SecureString newSecurePassword, TimeoutTimer timeout, Boolean withFailover)
   at Microsoft.Data.SqlClient.SqlInternalConnectionTds.LoginNoFailover(ServerInfo serverInfo, String newPassword, SecureString newSecurePassword, Boolean redirectedUserInstance, SqlConnectionString connectionOptions, SqlCredential credential, TimeoutTimer timeout)
   at Microsoft.Data.SqlClient.SqlInternalConnectionTds.OpenLoginEnlist(TimeoutTimer timeout, SqlConnectionString connectionOptions, SqlCredential credential, String newPassword, SecureString newSecurePassword, Boolean redirectedUserInstance)
   at Microsoft.Data.SqlClient.SqlInternalConnectionTds..ctor(DbConnectionPoolIdentity identity, SqlConnectionString connectionOptions, SqlCredential credential, Object providerInfo, String newPassword, SecureString newSecurePassword, Boolean redirectedUserInstance, SqlConnectionString userConnectionOptions, SessionData reconnectSessionData, Boolean applyTransientFaultHandling, String accessToken, DbConnectionPool pool, Func`3 accessTokenCallback)
   at Microsoft.Data.SqlClient.SqlConnectionFactory.CreateConnection(DbConnectionOptions options, DbConnectionPoolKey poolKey, Object poolGroupProviderInfo, DbConnectionPool pool, DbConnection owningConnection, DbConnectionOptions userOptions)
   at Microsoft.Data.ProviderBase.DbConnectionFactory.CreatePooledConnection(DbConnectionPool pool, DbConnection owningObject, DbConnectionOptions options, DbConnectionPoolKey poolKey, DbConnectionOptions userOptions)
   at Microsoft.Data.ProviderBase.DbConnectionPool.CreateObject(DbConnection owningObject, DbConnectionOptions userOptions, DbConnectionInternal oldConnection)
   at Microsoft.Data.ProviderBase.DbConnectionPool.UserCreateRequest(DbConnection owningObject, DbConnectionOptions userOptions, DbConnectionInternal oldConnection)
   at Microsoft.Data.ProviderBase.DbConnectionPool.TryGetConnection(DbConnection owningObject, UInt32 waitForMultipleObjectsTimeout, Boolean allowCreate, Boolean onlyOneCheckConnection, DbConnectionOptions userOptions, DbConnectionInternal& connection)
   at Microsoft.Data.ProviderBase.DbConnectionPool.WaitForPendingOpen()
--- End of stack trace from previous location ---
   at Akrho.Infrastructure.SqlConnectionFactory.OpenAsync(CancellationToken ct) in D:\PROJECTS\AIS\src\Akrho.Infrastructure\SqlConnectionFactory.cs:line 16
   at Akrho.Infrastructure.Repositories.EnrolmentRepository.GetAsync(Byte[] tokenHash, CancellationToken ct) in D:\PROJECTS\AIS\src\Akrho.Infrastructure\Repositories\EnrolmentRepository.cs:line 38
   at Akrho.Api.Features.Enrolment.EnrolmentEndpoints.Get(String token, IEnrolmentRepository repo, CancellationToken ct) in D:\PROJECTS\AIS\src\Akrho.Api\Features\Enrolment\EnrolmentEndpoints.cs:line 29
   at Microsoft.AspNetCore.Http.RequestDelegateFactory.ExecuteTaskResult[T](Task`1 task, HttpContext httpContext)
   at Microsoft.AspNetCore.Authorization.AuthorizationMiddleware.Invoke(HttpContext context)
   at Microsoft.AspNetCore.Authentication.AuthenticationMiddleware.Invoke(HttpContext context)
   at Swashbuckle.AspNetCore.SwaggerUI.SwaggerUIMiddleware.Invoke(HttpContext httpContext)
   at Swashbuckle.AspNetCore.Swagger.SwaggerMiddleware.Invoke(HttpContext httpContext, ISwaggerProvider swaggerProvider)
   at Serilog.AspNetCore.RequestLoggingMiddleware.Invoke(HttpContext httpContext)
   at Microsoft.AspNetCore.Diagnostics.ExceptionHandlerMiddlewareImpl.<Invoke>g__Awaited|10_0(ExceptionHandlerMiddlewareImpl middleware, HttpContext context, Task task)
ClientConnectionId:00000000-0000-0000-0000-000000000000
Error Number:258,State:0,Class:20
2026-09-14 22:08:58.431 +08:00 [ERR] Unhandled error on /api/enrolment/PIn6GinQYsKVa0UQ7mxWpILqjR4qZs33REozIbZD-Ss
Microsoft.Data.SqlClient.SqlException (0x80131904): A network-related or instance-specific error occurred while establishing a connection to SQL Server. The server was not found or was not accessible. Verify that the instance name is correct and that SQL Server is configured to allow remote connections. (provider: TCP Provider, error: 0 - The wait operation timed out.)
 ---> System.ComponentModel.Win32Exception (258): The wait operation timed out.
   at Microsoft.Data.SqlClient.SqlInternalConnection.OnError(SqlException exception, Boolean breakConnection, Action`1 wrapCloseInAction)
   at Microsoft.Data.SqlClient.TdsParser.ThrowExceptionAndWarning(TdsParserStateObject stateObj, SqlCommand command, Boolean callerHasConnectionLock, Boolean asyncClose)
   at Microsoft.Data.SqlClient.TdsParser.Connect(ServerInfo serverInfo, SqlInternalConnectionTds connHandler, TimeoutTimer timeout, SqlConnectionString connectionOptions, Boolean withFailover)
   at Microsoft.Data.SqlClient.SqlInternalConnectionTds.AttemptOneLogin(ServerInfo serverInfo, String newPassword, SecureString newSecurePassword, TimeoutTimer timeout, Boolean withFailover)
   at Microsoft.Data.SqlClient.SqlInternalConnectionTds.LoginNoFailover(ServerInfo serverInfo, String newPassword, SecureString newSecurePassword, Boolean redirectedUserInstance, SqlConnectionString connectionOptions, SqlCredential credential, TimeoutTimer timeout)
   at Microsoft.Data.SqlClient.SqlInternalConnectionTds.OpenLoginEnlist(TimeoutTimer timeout, SqlConnectionString connectionOptions, SqlCredential credential, String newPassword, SecureString newSecurePassword, Boolean redirectedUserInstance)
   at Microsoft.Data.SqlClient.SqlInternalConnectionTds..ctor(DbConnectionPoolIdentity identity, SqlConnectionString connectionOptions, SqlCredential credential, Object providerInfo, String newPassword, SecureString newSecurePassword, Boolean redirectedUserInstance, SqlConnectionString userConnectionOptions, SessionData reconnectSessionData, Boolean applyTransientFaultHandling, String accessToken, DbConnectionPool pool, Func`3 accessTokenCallback)
   at Microsoft.Data.SqlClient.SqlConnectionFactory.CreateConnection(DbConnectionOptions options, DbConnectionPoolKey poolKey, Object poolGroupProviderInfo, DbConnectionPool pool, DbConnection owningConnection, DbConnectionOptions userOptions)
   at Microsoft.Data.ProviderBase.DbConnectionFactory.CreatePooledConnection(DbConnectionPool pool, DbConnection owningObject, DbConnectionOptions options, DbConnectionPoolKey poolKey, DbConnectionOptions userOptions)
   at Microsoft.Data.ProviderBase.DbConnectionPool.CreateObject(DbConnection owningObject, DbConnectionOptions userOptions, DbConnectionInternal oldConnection)
   at Microsoft.Data.ProviderBase.DbConnectionPool.UserCreateRequest(DbConnection owningObject, DbConnectionOptions userOptions, DbConnectionInternal oldConnection)
   at Microsoft.Data.ProviderBase.DbConnectionPool.TryGetConnection(DbConnection owningObject, UInt32 waitForMultipleObjectsTimeout, Boolean allowCreate, Boolean onlyOneCheckConnection, DbConnectionOptions userOptions, DbConnectionInternal& connection)
   at Microsoft.Data.ProviderBase.DbConnectionPool.WaitForPendingOpen()
--- End of stack trace from previous location ---
   at Akrho.Infrastructure.SqlConnectionFactory.OpenAsync(CancellationToken ct) in D:\PROJECTS\AIS\src\Akrho.Infrastructure\SqlConnectionFactory.cs:line 16
   at Akrho.Infrastructure.Repositories.EnrolmentRepository.GetAsync(Byte[] tokenHash, CancellationToken ct) in D:\PROJECTS\AIS\src\Akrho.Infrastructure\Repositories\EnrolmentRepository.cs:line 38
   at Akrho.Api.Features.Enrolment.EnrolmentEndpoints.Get(String token, IEnrolmentRepository repo, CancellationToken ct) in D:\PROJECTS\AIS\src\Akrho.Api\Features\Enrolment\EnrolmentEndpoints.cs:line 29
   at Microsoft.AspNetCore.Http.RequestDelegateFactory.ExecuteTaskResult[T](Task`1 task, HttpContext httpContext)
   at Microsoft.AspNetCore.Authorization.AuthorizationMiddleware.Invoke(HttpContext context)
   at Microsoft.AspNetCore.Authentication.AuthenticationMiddleware.Invoke(HttpContext context)
   at Swashbuckle.AspNetCore.SwaggerUI.SwaggerUIMiddleware.Invoke(HttpContext httpContext)
   at Swashbuckle.AspNetCore.Swagger.SwaggerMiddleware.Invoke(HttpContext httpContext, ISwaggerProvider swaggerProvider)
   at Serilog.AspNetCore.RequestLoggingMiddleware.Invoke(HttpContext httpContext)
   at Microsoft.AspNetCore.Diagnostics.ExceptionHandlerMiddlewareImpl.<Invoke>g__Awaited|10_0(ExceptionHandlerMiddlewareImpl middleware, HttpContext context, Task task)
ClientConnectionId:00000000-0000-0000-0000-000000000000
Error Number:258,State:0,Class:20
2026-09-14 22:10:00.801 +08:00 [DBG] Hosting starting
2026-09-14 22:10:01.106 +08:00 [INF] Now listening on: https://localhost:5443
2026-09-14 22:10:01.107 +08:00 [INF] Now listening on: http://localhost:5080
2026-09-14 22:10:01.107 +08:00 [INF] Application started. Press Ctrl+C to shut down.
2026-09-14 22:10:01.107 +08:00 [INF] Hosting environment: Development
2026-09-14 22:10:01.107 +08:00 [INF] Content root path: D:\PROJECTS\AIS\src\Akrho.Api
2026-09-14 22:10:01.107 +08:00 [DBG] Hosting started
2026-09-14 22:10:36.726 +08:00 [ERR] HTTP GET /api/enrolment/PIn6GinQYsKVa0UQ7mxWpILqjR4qZs33REozIbZD-Ss responded 500 in 15105.0136 ms
Microsoft.Data.SqlClient.SqlException (0x80131904): A network-related or instance-specific error occurred while establishing a connection to SQL Server. The server was not found or was not accessible. Verify that the instance name is correct and that SQL Server is configured to allow remote connections. (provider: TCP Provider, error: 0 - The wait operation timed out.)
 ---> System.ComponentModel.Win32Exception (258): The wait operation timed out.
   at Microsoft.Data.SqlClient.SqlInternalConnection.OnError(SqlException exception, Boolean breakConnection, Action`1 wrapCloseInAction)
   at Microsoft.Data.SqlClient.TdsParser.ThrowExceptionAndWarning(TdsParserStateObject stateObj, SqlCommand command, Boolean callerHasConnectionLock, Boolean asyncClose)
   at Microsoft.Data.SqlClient.TdsParser.Connect(ServerInfo serverInfo, SqlInternalConnectionTds connHandler, TimeoutTimer timeout, SqlConnectionString connectionOptions, Boolean withFailover)
   at Microsoft.Data.SqlClient.SqlInternalConnectionTds.AttemptOneLogin(ServerInfo serverInfo, String newPassword, SecureString newSecurePassword, TimeoutTimer timeout, Boolean withFailover)
   at Microsoft.Data.SqlClient.SqlInternalConnectionTds.LoginNoFailover(ServerInfo serverInfo, String newPassword, SecureString newSecurePassword, Boolean redirectedUserInstance, SqlConnectionString connectionOptions, SqlCredential credential, TimeoutTimer timeout)
   at Microsoft.Data.SqlClient.SqlInternalConnectionTds.OpenLoginEnlist(TimeoutTimer timeout, SqlConnectionString connectionOptions, SqlCredential credential, String newPassword, SecureString newSecurePassword, Boolean redirectedUserInstance)
   at Microsoft.Data.SqlClient.SqlInternalConnectionTds..ctor(DbConnectionPoolIdentity identity, SqlConnectionString connectionOptions, SqlCredential credential, Object providerInfo, String newPassword, SecureString newSecurePassword, Boolean redirectedUserInstance, SqlConnectionString userConnectionOptions, SessionData reconnectSessionData, Boolean applyTransientFaultHandling, String accessToken, DbConnectionPool pool, Func`3 accessTokenCallback)
   at Microsoft.Data.SqlClient.SqlConnectionFactory.CreateConnection(DbConnectionOptions options, DbConnectionPoolKey poolKey, Object poolGroupProviderInfo, DbConnectionPool pool, DbConnection owningConnection, DbConnectionOptions userOptions)
   at Microsoft.Data.ProviderBase.DbConnectionFactory.CreatePooledConnection(DbConnectionPool pool, DbConnection owningObject, DbConnectionOptions options, DbConnectionPoolKey poolKey, DbConnectionOptions userOptions)
   at Microsoft.Data.ProviderBase.DbConnectionPool.CreateObject(DbConnection owningObject, DbConnectionOptions userOptions, DbConnectionInternal oldConnection)
   at Microsoft.Data.ProviderBase.DbConnectionPool.UserCreateRequest(DbConnection owningObject, DbConnectionOptions userOptions, DbConnectionInternal oldConnection)
   at Microsoft.Data.ProviderBase.DbConnectionPool.TryGetConnection(DbConnection owningObject, UInt32 waitForMultipleObjectsTimeout, Boolean allowCreate, Boolean onlyOneCheckConnection, DbConnectionOptions userOptions, DbConnectionInternal& connection)
   at Microsoft.Data.ProviderBase.DbConnectionPool.WaitForPendingOpen()
--- End of stack trace from previous location ---
   at Akrho.Infrastructure.SqlConnectionFactory.OpenAsync(CancellationToken ct) in D:\PROJECTS\AIS\src\Akrho.Infrastructure\SqlConnectionFactory.cs:line 16
   at Akrho.Infrastructure.Repositories.EnrolmentRepository.GetAsync(Byte[] tokenHash, CancellationToken ct) in D:\PROJECTS\AIS\src\Akrho.Infrastructure\Repositories\EnrolmentRepository.cs:line 38
   at Akrho.Api.Features.Enrolment.EnrolmentEndpoints.Get(String token, IEnrolmentRepository repo, CancellationToken ct) in D:\PROJECTS\AIS\src\Akrho.Api\Features\Enrolment\EnrolmentEndpoints.cs:line 29
   at Microsoft.AspNetCore.Http.RequestDelegateFactory.ExecuteTaskResult[T](Task`1 task, HttpContext httpContext)
   at Microsoft.AspNetCore.Authorization.AuthorizationMiddleware.Invoke(HttpContext context)
   at Microsoft.AspNetCore.Authentication.AuthenticationMiddleware.Invoke(HttpContext context)
   at Swashbuckle.AspNetCore.SwaggerUI.SwaggerUIMiddleware.Invoke(HttpContext httpContext)
   at Swashbuckle.AspNetCore.Swagger.SwaggerMiddleware.Invoke(HttpContext httpContext, ISwaggerProvider swaggerProvider)
   at Serilog.AspNetCore.RequestLoggingMiddleware.Invoke(HttpContext httpContext)
ClientConnectionId:00000000-0000-0000-0000-000000000000
Error Number:258,State:0,Class:20
2026-09-14 22:10:36.735 +08:00 [ERR] An unhandled exception has occurred while executing the request.
Microsoft.Data.SqlClient.SqlException (0x80131904): A network-related or instance-specific error occurred while establishing a connection to SQL Server. The server was not found or was not accessible. Verify that the instance name is correct and that SQL Server is configured to allow remote connections. (provider: TCP Provider, error: 0 - The wait operation timed out.)
 ---> System.ComponentModel.Win32Exception (258): The wait operation timed out.
   at Microsoft.Data.SqlClient.SqlInternalConnection.OnError(SqlException exception, Boolean breakConnection, Action`1 wrapCloseInAction)
   at Microsoft.Data.SqlClient.TdsParser.ThrowExceptionAndWarning(TdsParserStateObject stateObj, SqlCommand command, Boolean callerHasConnectionLock, Boolean asyncClose)
   at Microsoft.Data.SqlClient.TdsParser.Connect(ServerInfo serverInfo, SqlInternalConnectionTds connHandler, TimeoutTimer timeout, SqlConnectionString connectionOptions, Boolean withFailover)
   at Microsoft.Data.SqlClient.SqlInternalConnectionTds.AttemptOneLogin(ServerInfo serverInfo, String newPassword, SecureString newSecurePassword, TimeoutTimer timeout, Boolean withFailover)
   at Microsoft.Data.SqlClient.SqlInternalConnectionTds.LoginNoFailover(ServerInfo serverInfo, String newPassword, SecureString newSecurePassword, Boolean redirectedUserInstance, SqlConnectionString connectionOptions, SqlCredential credential, TimeoutTimer timeout)
   at Microsoft.Data.SqlClient.SqlInternalConnectionTds.OpenLoginEnlist(TimeoutTimer timeout, SqlConnectionString connectionOptions, SqlCredential credential, String newPassword, SecureString newSecurePassword, Boolean redirectedUserInstance)
   at Microsoft.Data.SqlClient.SqlInternalConnectionTds..ctor(DbConnectionPoolIdentity identity, SqlConnectionString connectionOptions, SqlCredential credential, Object providerInfo, String newPassword, SecureString newSecurePassword, Boolean redirectedUserInstance, SqlConnectionString userConnectionOptions, SessionData reconnectSessionData, Boolean applyTransientFaultHandling, String accessToken, DbConnectionPool pool, Func`3 accessTokenCallback)
   at Microsoft.Data.SqlClient.SqlConnectionFactory.CreateConnection(DbConnectionOptions options, DbConnectionPoolKey poolKey, Object poolGroupProviderInfo, DbConnectionPool pool, DbConnection owningConnection, DbConnectionOptions userOptions)
   at Microsoft.Data.ProviderBase.DbConnectionFactory.CreatePooledConnection(DbConnectionPool pool, DbConnection owningObject, DbConnectionOptions options, DbConnectionPoolKey poolKey, DbConnectionOptions userOptions)
   at Microsoft.Data.ProviderBase.DbConnectionPool.CreateObject(DbConnection owningObject, DbConnectionOptions userOptions, DbConnectionInternal oldConnection)
   at Microsoft.Data.ProviderBase.DbConnectionPool.UserCreateRequest(DbConnection owningObject, DbConnectionOptions userOptions, DbConnectionInternal oldConnection)
   at Microsoft.Data.ProviderBase.DbConnectionPool.TryGetConnection(DbConnection owningObject, UInt32 waitForMultipleObjectsTimeout, Boolean allowCreate, Boolean onlyOneCheckConnection, DbConnectionOptions userOptions, DbConnectionInternal& connection)
   at Microsoft.Data.ProviderBase.DbConnectionPool.WaitForPendingOpen()
--- End of stack trace from previous location ---
   at Akrho.Infrastructure.SqlConnectionFactory.OpenAsync(CancellationToken ct) in D:\PROJECTS\AIS\src\Akrho.Infrastructure\SqlConnectionFactory.cs:line 16
   at Akrho.Infrastructure.Repositories.EnrolmentRepository.GetAsync(Byte[] tokenHash, CancellationToken ct) in D:\PROJECTS\AIS\src\Akrho.Infrastructure\Repositories\EnrolmentRepository.cs:line 38
   at Akrho.Api.Features.Enrolment.EnrolmentEndpoints.Get(String token, IEnrolmentRepository repo, CancellationToken ct) in D:\PROJECTS\AIS\src\Akrho.Api\Features\Enrolment\EnrolmentEndpoints.cs:line 29
   at Microsoft.AspNetCore.Http.RequestDelegateFactory.ExecuteTaskResult[T](Task`1 task, HttpContext httpContext)
   at Microsoft.AspNetCore.Authorization.AuthorizationMiddleware.Invoke(HttpContext context)
   at Microsoft.AspNetCore.Authentication.AuthenticationMiddleware.Invoke(HttpContext context)
   at Swashbuckle.AspNetCore.SwaggerUI.SwaggerUIMiddleware.Invoke(HttpContext httpContext)
   at Swashbuckle.AspNetCore.Swagger.SwaggerMiddleware.Invoke(HttpContext httpContext, ISwaggerProvider swaggerProvider)
   at Serilog.AspNetCore.RequestLoggingMiddleware.Invoke(HttpContext httpContext)
   at Microsoft.AspNetCore.Diagnostics.ExceptionHandlerMiddlewareImpl.<Invoke>g__Awaited|10_0(ExceptionHandlerMiddlewareImpl middleware, HttpContext context, Task task)
ClientConnectionId:00000000-0000-0000-0000-000000000000
Error Number:258,State:0,Class:20
2026-09-14 22:10:36.740 +08:00 [ERR] Unhandled error on /api/enrolment/PIn6GinQYsKVa0UQ7mxWpILqjR4qZs33REozIbZD-Ss
Microsoft.Data.SqlClient.SqlException (0x80131904): A network-related or instance-specific error occurred while establishing a connection to SQL Server. The server was not found or was not accessible. Verify that the instance name is correct and that SQL Server is configured to allow remote connections. (provider: TCP Provider, error: 0 - The wait operation timed out.)
 ---> System.ComponentModel.Win32Exception (258): The wait operation timed out.
   at Microsoft.Data.SqlClient.SqlInternalConnection.OnError(SqlException exception, Boolean breakConnection, Action`1 wrapCloseInAction)
   at Microsoft.Data.SqlClient.TdsParser.ThrowExceptionAndWarning(TdsParserStateObject stateObj, SqlCommand command, Boolean callerHasConnectionLock, Boolean asyncClose)
   at Microsoft.Data.SqlClient.TdsParser.Connect(ServerInfo serverInfo, SqlInternalConnectionTds connHandler, TimeoutTimer timeout, SqlConnectionString connectionOptions, Boolean withFailover)
   at Microsoft.Data.SqlClient.SqlInternalConnectionTds.AttemptOneLogin(ServerInfo serverInfo, String newPassword, SecureString newSecurePassword, TimeoutTimer timeout, Boolean withFailover)
   at Microsoft.Data.SqlClient.SqlInternalConnectionTds.LoginNoFailover(ServerInfo serverInfo, String newPassword, SecureString newSecurePassword, Boolean redirectedUserInstance, SqlConnectionString connectionOptions, SqlCredential credential, TimeoutTimer timeout)
   at Microsoft.Data.SqlClient.SqlInternalConnectionTds.OpenLoginEnlist(TimeoutTimer timeout, SqlConnectionString connectionOptions, SqlCredential credential, String newPassword, SecureString newSecurePassword, Boolean redirectedUserInstance)
   at Microsoft.Data.SqlClient.SqlInternalConnectionTds..ctor(DbConnectionPoolIdentity identity, SqlConnectionString connectionOptions, SqlCredential credential, Object providerInfo, String newPassword, SecureString newSecurePassword, Boolean redirectedUserInstance, SqlConnectionString userConnectionOptions, SessionData reconnectSessionData, Boolean applyTransientFaultHandling, String accessToken, DbConnectionPool pool, Func`3 accessTokenCallback)
   at Microsoft.Data.SqlClient.SqlConnectionFactory.CreateConnection(DbConnectionOptions options, DbConnectionPoolKey poolKey, Object poolGroupProviderInfo, DbConnectionPool pool, DbConnection owningConnection, DbConnectionOptions userOptions)
   at Microsoft.Data.ProviderBase.DbConnectionFactory.CreatePooledConnection(DbConnectionPool pool, DbConnection owningObject, DbConnectionOptions options, DbConnectionPoolKey poolKey, DbConnectionOptions userOptions)
   at Microsoft.Data.ProviderBase.DbConnectionPool.CreateObject(DbConnection owningObject, DbConnectionOptions userOptions, DbConnectionInternal oldConnection)
   at Microsoft.Data.ProviderBase.DbConnectionPool.UserCreateRequest(DbConnection owningObject, DbConnectionOptions userOptions, DbConnectionInternal oldConnection)
   at Microsoft.Data.ProviderBase.DbConnectionPool.TryGetConnection(DbConnection owningObject, UInt32 waitForMultipleObjectsTimeout, Boolean allowCreate, Boolean onlyOneCheckConnection, DbConnectionOptions userOptions, DbConnectionInternal& connection)
   at Microsoft.Data.ProviderBase.DbConnectionPool.WaitForPendingOpen()
--- End of stack trace from previous location ---
   at Akrho.Infrastructure.SqlConnectionFactory.OpenAsync(CancellationToken ct) in D:\PROJECTS\AIS\src\Akrho.Infrastructure\SqlConnectionFactory.cs:line 16
   at Akrho.Infrastructure.Repositories.EnrolmentRepository.GetAsync(Byte[] tokenHash, CancellationToken ct) in D:\PROJECTS\AIS\src\Akrho.Infrastructure\Repositories\EnrolmentRepository.cs:line 38
   at Akrho.Api.Features.Enrolment.EnrolmentEndpoints.Get(String token, IEnrolmentRepository repo, CancellationToken ct) in D:\PROJECTS\AIS\src\Akrho.Api\Features\Enrolment\EnrolmentEndpoints.cs:line 29
   at Microsoft.AspNetCore.Http.RequestDelegateFactory.ExecuteTaskResult[T](Task`1 task, HttpContext httpContext)
   at Microsoft.AspNetCore.Authorization.AuthorizationMiddleware.Invoke(HttpContext context)
   at Microsoft.AspNetCore.Authentication.AuthenticationMiddleware.Invoke(HttpContext context)
   at Swashbuckle.AspNetCore.SwaggerUI.SwaggerUIMiddleware.Invoke(HttpContext httpContext)
   at Swashbuckle.AspNetCore.Swagger.SwaggerMiddleware.Invoke(HttpContext httpContext, ISwaggerProvider swaggerProvider)
   at Serilog.AspNetCore.RequestLoggingMiddleware.Invoke(HttpContext httpContext)
   at Microsoft.AspNetCore.Diagnostics.ExceptionHandlerMiddlewareImpl.<Invoke>g__Awaited|10_0(ExceptionHandlerMiddlewareImpl middleware, HttpContext context, Task task)
ClientConnectionId:00000000-0000-0000-0000-000000000000
Error Number:258,State:0,Class:20
2026-09-14 22:12:34.363 +08:00 [DBG] Hosting starting
2026-09-14 22:12:34.671 +08:00 [INF] Now listening on: https://localhost:5443
2026-09-14 22:12:34.671 +08:00 [INF] Now listening on: http://localhost:5080
2026-09-14 22:12:34.672 +08:00 [INF] Application started. Press Ctrl+C to shut down.
2026-09-14 22:12:34.672 +08:00 [INF] Hosting environment: Development
2026-09-14 22:12:34.672 +08:00 [INF] Content root path: D:\PROJECTS\AIS\src\Akrho.Api
2026-09-14 22:12:34.672 +08:00 [DBG] Hosting started
2026-09-14 22:12:59.042 +08:00 [ERR] HTTP GET /api/enrolment/PIn6GinQYsKVa0UQ7mxWpILqjR4qZs33REozIbZD-Ss responded 500 in 15098.8216 ms
Microsoft.Data.SqlClient.SqlException (0x80131904): A network-related or instance-specific error occurred while establishing a connection to SQL Server. The server was not found or was not accessible. Verify that the instance name is correct and that SQL Server is configured to allow remote connections. (provider: TCP Provider, error: 0 - The wait operation timed out.)
 ---> System.ComponentModel.Win32Exception (258): The wait operation timed out.
   at Microsoft.Data.SqlClient.SqlInternalConnection.OnError(SqlException exception, Boolean breakConnection, Action`1 wrapCloseInAction)
   at Microsoft.Data.SqlClient.TdsParser.ThrowExceptionAndWarning(TdsParserStateObject stateObj, SqlCommand command, Boolean callerHasConnectionLock, Boolean asyncClose)
   at Microsoft.Data.SqlClient.TdsParser.Connect(ServerInfo serverInfo, SqlInternalConnectionTds connHandler, TimeoutTimer timeout, SqlConnectionString connectionOptions, Boolean withFailover)
   at Microsoft.Data.SqlClient.SqlInternalConnectionTds.AttemptOneLogin(ServerInfo serverInfo, String newPassword, SecureString newSecurePassword, TimeoutTimer timeout, Boolean withFailover)
   at Microsoft.Data.SqlClient.SqlInternalConnectionTds.LoginNoFailover(ServerInfo serverInfo, String newPassword, SecureString newSecurePassword, Boolean redirectedUserInstance, SqlConnectionString connectionOptions, SqlCredential credential, TimeoutTimer timeout)
   at Microsoft.Data.SqlClient.SqlInternalConnectionTds.OpenLoginEnlist(TimeoutTimer timeout, SqlConnectionString connectionOptions, SqlCredential credential, String newPassword, SecureString newSecurePassword, Boolean redirectedUserInstance)
   at Microsoft.Data.SqlClient.SqlInternalConnectionTds..ctor(DbConnectionPoolIdentity identity, SqlConnectionString connectionOptions, SqlCredential credential, Object providerInfo, String newPassword, SecureString newSecurePassword, Boolean redirectedUserInstance, SqlConnectionString userConnectionOptions, SessionData reconnectSessionData, Boolean applyTransientFaultHandling, String accessToken, DbConnectionPool pool, Func`3 accessTokenCallback)
   at Microsoft.Data.SqlClient.SqlConnectionFactory.CreateConnection(DbConnectionOptions options, DbConnectionPoolKey poolKey, Object poolGroupProviderInfo, DbConnectionPool pool, DbConnection owningConnection, DbConnectionOptions userOptions)
   at Microsoft.Data.ProviderBase.DbConnectionFactory.CreatePooledConnection(DbConnectionPool pool, DbConnection owningObject, DbConnectionOptions options, DbConnectionPoolKey poolKey, DbConnectionOptions userOptions)
   at Microsoft.Data.ProviderBase.DbConnectionPool.CreateObject(DbConnection owningObject, DbConnectionOptions userOptions, DbConnectionInternal oldConnection)
   at Microsoft.Data.ProviderBase.DbConnectionPool.UserCreateRequest(DbConnection owningObject, DbConnectionOptions userOptions, DbConnectionInternal oldConnection)
   at Microsoft.Data.ProviderBase.DbConnectionPool.TryGetConnection(DbConnection owningObject, UInt32 waitForMultipleObjectsTimeout, Boolean allowCreate, Boolean onlyOneCheckConnection, DbConnectionOptions userOptions, DbConnectionInternal& connection)
   at Microsoft.Data.ProviderBase.DbConnectionPool.WaitForPendingOpen()
--- End of stack trace from previous location ---
   at Akrho.Infrastructure.SqlConnectionFactory.OpenAsync(CancellationToken ct) in D:\PROJECTS\AIS\src\Akrho.Infrastructure\SqlConnectionFactory.cs:line 16
   at Akrho.Infrastructure.Repositories.EnrolmentRepository.GetAsync(Byte[] tokenHash, CancellationToken ct) in D:\PROJECTS\AIS\src\Akrho.Infrastructure\Repositories\EnrolmentRepository.cs:line 38
   at Akrho.Api.Features.Enrolment.EnrolmentEndpoints.Get(String token, IEnrolmentRepository repo, CancellationToken ct) in D:\PROJECTS\AIS\src\Akrho.Api\Features\Enrolment\EnrolmentEndpoints.cs:line 29
   at Microsoft.AspNetCore.Http.RequestDelegateFactory.ExecuteTaskResult[T](Task`1 task, HttpContext httpContext)
   at Microsoft.AspNetCore.Authorization.AuthorizationMiddleware.Invoke(HttpContext context)
   at Microsoft.AspNetCore.Authentication.AuthenticationMiddleware.Invoke(HttpContext context)
   at Swashbuckle.AspNetCore.SwaggerUI.SwaggerUIMiddleware.Invoke(HttpContext httpContext)
   at Swashbuckle.AspNetCore.Swagger.SwaggerMiddleware.Invoke(HttpContext httpContext, ISwaggerProvider swaggerProvider)
   at Serilog.AspNetCore.RequestLoggingMiddleware.Invoke(HttpContext httpContext)
ClientConnectionId:00000000-0000-0000-0000-000000000000
Error Number:258,State:0,Class:20
2026-09-14 22:12:59.051 +08:00 [ERR] An unhandled exception has occurred while executing the request.
Microsoft.Data.SqlClient.SqlException (0x80131904): A network-related or instance-specific error occurred while establishing a connection to SQL Server. The server was not found or was not accessible. Verify that the instance name is correct and that SQL Server is configured to allow remote connections. (provider: TCP Provider, error: 0 - The wait operation timed out.)
 ---> System.ComponentModel.Win32Exception (258): The wait operation timed out.
   at Microsoft.Data.SqlClient.SqlInternalConnection.OnError(SqlException exception, Boolean breakConnection, Action`1 wrapCloseInAction)
   at Microsoft.Data.SqlClient.TdsParser.ThrowExceptionAndWarning(TdsParserStateObject stateObj, SqlCommand command, Boolean callerHasConnectionLock, Boolean asyncClose)
   at Microsoft.Data.SqlClient.TdsParser.Connect(ServerInfo serverInfo, SqlInternalConnectionTds connHandler, TimeoutTimer timeout, SqlConnectionString connectionOptions, Boolean withFailover)
   at Microsoft.Data.SqlClient.SqlInternalConnectionTds.AttemptOneLogin(ServerInfo serverInfo, String newPassword, SecureString newSecurePassword, TimeoutTimer timeout, Boolean withFailover)
   at Microsoft.Data.SqlClient.SqlInternalConnectionTds.LoginNoFailover(ServerInfo serverInfo, String newPassword, SecureString newSecurePassword, Boolean redirectedUserInstance, SqlConnectionString connectionOptions, SqlCredential credential, TimeoutTimer timeout)
   at Microsoft.Data.SqlClient.SqlInternalConnectionTds.OpenLoginEnlist(TimeoutTimer timeout, SqlConnectionString connectionOptions, SqlCredential credential, String newPassword, SecureString newSecurePassword, Boolean redirectedUserInstance)
   at Microsoft.Data.SqlClient.SqlInternalConnectionTds..ctor(DbConnectionPoolIdentity identity, SqlConnectionString connectionOptions, SqlCredential credential, Object providerInfo, String newPassword, SecureString newSecurePassword, Boolean redirectedUserInstance, SqlConnectionString userConnectionOptions, SessionData reconnectSessionData, Boolean applyTransientFaultHandling, String accessToken, DbConnectionPool pool, Func`3 accessTokenCallback)
   at Microsoft.Data.SqlClient.SqlConnectionFactory.CreateConnection(DbConnectionOptions options, DbConnectionPoolKey poolKey, Object poolGroupProviderInfo, DbConnectionPool pool, DbConnection owningConnection, DbConnectionOptions userOptions)
   at Microsoft.Data.ProviderBase.DbConnectionFactory.CreatePooledConnection(DbConnectionPool pool, DbConnection owningObject, DbConnectionOptions options, DbConnectionPoolKey poolKey, DbConnectionOptions userOptions)
   at Microsoft.Data.ProviderBase.DbConnectionPool.CreateObject(DbConnection owningObject, DbConnectionOptions userOptions, DbConnectionInternal oldConnection)
   at Microsoft.Data.ProviderBase.DbConnectionPool.UserCreateRequest(DbConnection owningObject, DbConnectionOptions userOptions, DbConnectionInternal oldConnection)
   at Microsoft.Data.ProviderBase.DbConnectionPool.TryGetConnection(DbConnection owningObject, UInt32 waitForMultipleObjectsTimeout, Boolean allowCreate, Boolean onlyOneCheckConnection, DbConnectionOptions userOptions, DbConnectionInternal& connection)
   at Microsoft.Data.ProviderBase.DbConnectionPool.WaitForPendingOpen()
--- End of stack trace from previous location ---
   at Akrho.Infrastructure.SqlConnectionFactory.OpenAsync(CancellationToken ct) in D:\PROJECTS\AIS\src\Akrho.Infrastructure\SqlConnectionFactory.cs:line 16
   at Akrho.Infrastructure.Repositories.EnrolmentRepository.GetAsync(Byte[] tokenHash, CancellationToken ct) in D:\PROJECTS\AIS\src\Akrho.Infrastructure\Repositories\EnrolmentRepository.cs:line 38
   at Akrho.Api.Features.Enrolment.EnrolmentEndpoints.Get(String token, IEnrolmentRepository repo, CancellationToken ct) in D:\PROJECTS\AIS\src\Akrho.Api\Features\Enrolment\EnrolmentEndpoints.cs:line 29
   at Microsoft.AspNetCore.Http.RequestDelegateFactory.ExecuteTaskResult[T](Task`1 task, HttpContext httpContext)
   at Microsoft.AspNetCore.Authorization.AuthorizationMiddleware.Invoke(HttpContext context)
   at Microsoft.AspNetCore.Authentication.AuthenticationMiddleware.Invoke(HttpContext context)
   at Swashbuckle.AspNetCore.SwaggerUI.SwaggerUIMiddleware.Invoke(HttpContext httpContext)
   at Swashbuckle.AspNetCore.Swagger.SwaggerMiddleware.Invoke(HttpContext httpContext, ISwaggerProvider swaggerProvider)
   at Serilog.AspNetCore.RequestLoggingMiddleware.Invoke(HttpContext httpContext)
   at Microsoft.AspNetCore.Diagnostics.ExceptionHandlerMiddlewareImpl.<Invoke>g__Awaited|10_0(ExceptionHandlerMiddlewareImpl middleware, HttpContext context, Task task)
ClientConnectionId:00000000-0000-0000-0000-000000000000
Error Number:258,State:0,Class:20
2026-09-14 22:12:59.055 +08:00 [ERR] Unhandled error on /api/enrolment/PIn6GinQYsKVa0UQ7mxWpILqjR4qZs33REozIbZD-Ss
Microsoft.Data.SqlClient.SqlException (0x80131904): A network-related or instance-specific error occurred while establishing a connection to SQL Server. The server was not found or was not accessible. Verify that the instance name is correct and that SQL Server is configured to allow remote connections. (provider: TCP Provider, error: 0 - The wait operation timed out.)
 ---> System.ComponentModel.Win32Exception (258): The wait operation timed out.
   at Microsoft.Data.SqlClient.SqlInternalConnection.OnError(SqlException exception, Boolean breakConnection, Action`1 wrapCloseInAction)
   at Microsoft.Data.SqlClient.TdsParser.ThrowExceptionAndWarning(TdsParserStateObject stateObj, SqlCommand command, Boolean callerHasConnectionLock, Boolean asyncClose)
   at Microsoft.Data.SqlClient.TdsParser.Connect(ServerInfo serverInfo, SqlInternalConnectionTds connHandler, TimeoutTimer timeout, SqlConnectionString connectionOptions, Boolean withFailover)
   at Microsoft.Data.SqlClient.SqlInternalConnectionTds.AttemptOneLogin(ServerInfo serverInfo, String newPassword, SecureString newSecurePassword, TimeoutTimer timeout, Boolean withFailover)
   at Microsoft.Data.SqlClient.SqlInternalConnectionTds.LoginNoFailover(ServerInfo serverInfo, String newPassword, SecureString newSecurePassword, Boolean redirectedUserInstance, SqlConnectionString connectionOptions, SqlCredential credential, TimeoutTimer timeout)
   at Microsoft.Data.SqlClient.SqlInternalConnectionTds.OpenLoginEnlist(TimeoutTimer timeout, SqlConnectionString connectionOptions, SqlCredential credential, String newPassword, SecureString newSecurePassword, Boolean redirectedUserInstance)
   at Microsoft.Data.SqlClient.SqlInternalConnectionTds..ctor(DbConnectionPoolIdentity identity, SqlConnectionString connectionOptions, SqlCredential credential, Object providerInfo, String newPassword, SecureString newSecurePassword, Boolean redirectedUserInstance, SqlConnectionString userConnectionOptions, SessionData reconnectSessionData, Boolean applyTransientFaultHandling, String accessToken, DbConnectionPool pool, Func`3 accessTokenCallback)
   at Microsoft.Data.SqlClient.SqlConnectionFactory.CreateConnection(DbConnectionOptions options, DbConnectionPoolKey poolKey, Object poolGroupProviderInfo, DbConnectionPool pool, DbConnection owningConnection, DbConnectionOptions userOptions)
   at Microsoft.Data.ProviderBase.DbConnectionFactory.CreatePooledConnection(DbConnectionPool pool, DbConnection owningObject, DbConnectionOptions options, DbConnectionPoolKey poolKey, DbConnectionOptions userOptions)
   at Microsoft.Data.ProviderBase.DbConnectionPool.CreateObject(DbConnection owningObject, DbConnectionOptions userOptions, DbConnectionInternal oldConnection)
   at Microsoft.Data.ProviderBase.DbConnectionPool.UserCreateRequest(DbConnection owningObject, DbConnectionOptions userOptions, DbConnectionInternal oldConnection)
   at Microsoft.Data.ProviderBase.DbConnectionPool.TryGetConnection(DbConnection owningObject, UInt32 waitForMultipleObjectsTimeout, Boolean allowCreate, Boolean onlyOneCheckConnection, DbConnectionOptions userOptions, DbConnectionInternal& connection)
   at Microsoft.Data.ProviderBase.DbConnectionPool.WaitForPendingOpen()
--- End of stack trace from previous location ---
   at Akrho.Infrastructure.SqlConnectionFactory.OpenAsync(CancellationToken ct) in D:\PROJECTS\AIS\src\Akrho.Infrastructure\SqlConnectionFactory.cs:line 16
   at Akrho.Infrastructure.Repositories.EnrolmentRepository.GetAsync(Byte[] tokenHash, CancellationToken ct) in D:\PROJECTS\AIS\src\Akrho.Infrastructure\Repositories\EnrolmentRepository.cs:line 38
   at Akrho.Api.Features.Enrolment.EnrolmentEndpoints.Get(String token, IEnrolmentRepository repo, CancellationToken ct) in D:\PROJECTS\AIS\src\Akrho.Api\Features\Enrolment\EnrolmentEndpoints.cs:line 29
   at Microsoft.AspNetCore.Http.RequestDelegateFactory.ExecuteTaskResult[T](Task`1 task, HttpContext httpContext)
   at Microsoft.AspNetCore.Authorization.AuthorizationMiddleware.Invoke(HttpContext context)
   at Microsoft.AspNetCore.Authentication.AuthenticationMiddleware.Invoke(HttpContext context)
   at Swashbuckle.AspNetCore.SwaggerUI.SwaggerUIMiddleware.Invoke(HttpContext httpContext)
   at Swashbuckle.AspNetCore.Swagger.SwaggerMiddleware.Invoke(HttpContext httpContext, ISwaggerProvider swaggerProvider)
   at Serilog.AspNetCore.RequestLoggingMiddleware.Invoke(HttpContext httpContext)
   at Microsoft.AspNetCore.Diagnostics.ExceptionHandlerMiddlewareImpl.<Invoke>g__Awaited|10_0(ExceptionHandlerMiddlewareImpl middleware, HttpContext context, Task task)
ClientConnectionId:00000000-0000-0000-0000-000000000000
Error Number:258,State:0,Class:20
2026-09-14 22:14:03.899 +08:00 [DBG] Hosting starting
2026-09-14 22:14:04.213 +08:00 [INF] Now listening on: https://localhost:5443
2026-09-14 22:14:04.214 +08:00 [INF] Now listening on: http://localhost:5080
2026-09-14 22:14:04.214 +08:00 [INF] Application started. Press Ctrl+C to shut down.
2026-09-14 22:14:04.214 +08:00 [INF] Hosting environment: Development
2026-09-14 22:14:04.214 +08:00 [INF] Content root path: D:\PROJECTS\AIS\src\Akrho.Api
2026-09-14 22:14:04.214 +08:00 [DBG] Hosting started
2026-09-14 22:14:37.757 +08:00 [ERR] HTTP GET /api/enrolment/PIn6GinQYsKVa0UQ7mxWpILqjR4qZs33REozIbZD-Ss responded 500 in 15106.3353 ms
Microsoft.Data.SqlClient.SqlException (0x80131904): A network-related or instance-specific error occurred while establishing a connection to SQL Server. The server was not found or was not accessible. Verify that the instance name is correct and that SQL Server is configured to allow remote connections. (provider: TCP Provider, error: 0 - The wait operation timed out.)
 ---> System.ComponentModel.Win32Exception (258): The wait operation timed out.
   at Microsoft.Data.SqlClient.SqlInternalConnection.OnError(SqlException exception, Boolean breakConnection, Action`1 wrapCloseInAction)
   at Microsoft.Data.SqlClient.TdsParser.ThrowExceptionAndWarning(TdsParserStateObject stateObj, SqlCommand command, Boolean callerHasConnectionLock, Boolean asyncClose)
   at Microsoft.Data.SqlClient.TdsParser.Connect(ServerInfo serverInfo, SqlInternalConnectionTds connHandler, TimeoutTimer timeout, SqlConnectionString connectionOptions, Boolean withFailover)
   at Microsoft.Data.SqlClient.SqlInternalConnectionTds.AttemptOneLogin(ServerInfo serverInfo, String newPassword, SecureString newSecurePassword, TimeoutTimer timeout, Boolean withFailover)
   at Microsoft.Data.SqlClient.SqlInternalConnectionTds.LoginNoFailover(ServerInfo serverInfo, String newPassword, SecureString newSecurePassword, Boolean redirectedUserInstance, SqlConnectionString connectionOptions, SqlCredential credential, TimeoutTimer timeout)
   at Microsoft.Data.SqlClient.SqlInternalConnectionTds.OpenLoginEnlist(TimeoutTimer timeout, SqlConnectionString connectionOptions, SqlCredential credential, String newPassword, SecureString newSecurePassword, Boolean redirectedUserInstance)
   at Microsoft.Data.SqlClient.SqlInternalConnectionTds..ctor(DbConnectionPoolIdentity identity, SqlConnectionString connectionOptions, SqlCredential credential, Object providerInfo, String newPassword, SecureString newSecurePassword, Boolean redirectedUserInstance, SqlConnectionString userConnectionOptions, SessionData reconnectSessionData, Boolean applyTransientFaultHandling, String accessToken, DbConnectionPool pool, Func`3 accessTokenCallback)
   at Microsoft.Data.SqlClient.SqlConnectionFactory.CreateConnection(DbConnectionOptions options, DbConnectionPoolKey poolKey, Object poolGroupProviderInfo, DbConnectionPool pool, DbConnection owningConnection, DbConnectionOptions userOptions)
   at Microsoft.Data.ProviderBase.DbConnectionFactory.CreatePooledConnection(DbConnectionPool pool, DbConnection owningObject, DbConnectionOptions options, DbConnectionPoolKey poolKey, DbConnectionOptions userOptions)
   at Microsoft.Data.ProviderBase.DbConnectionPool.CreateObject(DbConnection owningObject, DbConnectionOptions userOptions, DbConnectionInternal oldConnection)
   at Microsoft.Data.ProviderBase.DbConnectionPool.UserCreateRequest(DbConnection owningObject, DbConnectionOptions userOptions, DbConnectionInternal oldConnection)
   at Microsoft.Data.ProviderBase.DbConnectionPool.TryGetConnection(DbConnection owningObject, UInt32 waitForMultipleObjectsTimeout, Boolean allowCreate, Boolean onlyOneCheckConnection, DbConnectionOptions userOptions, DbConnectionInternal& connection)
   at Microsoft.Data.ProviderBase.DbConnectionPool.WaitForPendingOpen()
--- End of stack trace from previous location ---
   at Akrho.Infrastructure.SqlConnectionFactory.OpenAsync(CancellationToken ct) in D:\PROJECTS\AIS\src\Akrho.Infrastructure\SqlConnectionFactory.cs:line 16
   at Akrho.Infrastructure.Repositories.EnrolmentRepository.GetAsync(Byte[] tokenHash, CancellationToken ct) in D:\PROJECTS\AIS\src\Akrho.Infrastructure\Repositories\EnrolmentRepository.cs:line 38
   at Akrho.Api.Features.Enrolment.EnrolmentEndpoints.Get(String token, IEnrolmentRepository repo, CancellationToken ct) in D:\PROJECTS\AIS\src\Akrho.Api\Features\Enrolment\EnrolmentEndpoints.cs:line 29
   at Microsoft.AspNetCore.Http.RequestDelegateFactory.ExecuteTaskResult[T](Task`1 task, HttpContext httpContext)
   at Microsoft.AspNetCore.Authorization.AuthorizationMiddleware.Invoke(HttpContext context)
   at Microsoft.AspNetCore.Authentication.AuthenticationMiddleware.Invoke(HttpContext context)
   at Swashbuckle.AspNetCore.SwaggerUI.SwaggerUIMiddleware.Invoke(HttpContext httpContext)
   at Swashbuckle.AspNetCore.Swagger.SwaggerMiddleware.Invoke(HttpContext httpContext, ISwaggerProvider swaggerProvider)
   at Serilog.AspNetCore.RequestLoggingMiddleware.Invoke(HttpContext httpContext)
ClientConnectionId:00000000-0000-0000-0000-000000000000
Error Number:258,State:0,Class:20
2026-09-14 22:14:37.767 +08:00 [ERR] An unhandled exception has occurred while executing the request.
Microsoft.Data.SqlClient.SqlException (0x80131904): A network-related or instance-specific error occurred while establishing a connection to SQL Server. The server was not found or was not accessible. Verify that the instance name is correct and that SQL Server is configured to allow remote connections. (provider: TCP Provider, error: 0 - The wait operation timed out.)
 ---> System.ComponentModel.Win32Exception (258): The wait operation timed out.
   at Microsoft.Data.SqlClient.SqlInternalConnection.OnError(SqlException exception, Boolean breakConnection, Action`1 wrapCloseInAction)
   at Microsoft.Data.SqlClient.TdsParser.ThrowExceptionAndWarning(TdsParserStateObject stateObj, SqlCommand command, Boolean callerHasConnectionLock, Boolean asyncClose)
   at Microsoft.Data.SqlClient.TdsParser.Connect(ServerInfo serverInfo, SqlInternalConnectionTds connHandler, TimeoutTimer timeout, SqlConnectionString connectionOptions, Boolean withFailover)
   at Microsoft.Data.SqlClient.SqlInternalConnectionTds.AttemptOneLogin(ServerInfo serverInfo, String newPassword, SecureString newSecurePassword, TimeoutTimer timeout, Boolean withFailover)
   at Microsoft.Data.SqlClient.SqlInternalConnectionTds.LoginNoFailover(ServerInfo serverInfo, String newPassword, SecureString newSecurePassword, Boolean redirectedUserInstance, SqlConnectionString connectionOptions, SqlCredential credential, TimeoutTimer timeout)
   at Microsoft.Data.SqlClient.SqlInternalConnectionTds.OpenLoginEnlist(TimeoutTimer timeout, SqlConnectionString connectionOptions, SqlCredential credential, String newPassword, SecureString newSecurePassword, Boolean redirectedUserInstance)
   at Microsoft.Data.SqlClient.SqlInternalConnectionTds..ctor(DbConnectionPoolIdentity identity, SqlConnectionString connectionOptions, SqlCredential credential, Object providerInfo, String newPassword, SecureString newSecurePassword, Boolean redirectedUserInstance, SqlConnectionString userConnectionOptions, SessionData reconnectSessionData, Boolean applyTransientFaultHandling, String accessToken, DbConnectionPool pool, Func`3 accessTokenCallback)
   at Microsoft.Data.SqlClient.SqlConnectionFactory.CreateConnection(DbConnectionOptions options, DbConnectionPoolKey poolKey, Object poolGroupProviderInfo, DbConnectionPool pool, DbConnection owningConnection, DbConnectionOptions userOptions)
   at Microsoft.Data.ProviderBase.DbConnectionFactory.CreatePooledConnection(DbConnectionPool pool, DbConnection owningObject, DbConnectionOptions options, DbConnectionPoolKey poolKey, DbConnectionOptions userOptions)
   at Microsoft.Data.ProviderBase.DbConnectionPool.CreateObject(DbConnection owningObject, DbConnectionOptions userOptions, DbConnectionInternal oldConnection)
   at Microsoft.Data.ProviderBase.DbConnectionPool.UserCreateRequest(DbConnection owningObject, DbConnectionOptions userOptions, DbConnectionInternal oldConnection)
   at Microsoft.Data.ProviderBase.DbConnectionPool.TryGetConnection(DbConnection owningObject, UInt32 waitForMultipleObjectsTimeout, Boolean allowCreate, Boolean onlyOneCheckConnection, DbConnectionOptions userOptions, DbConnectionInternal& connection)
   at Microsoft.Data.ProviderBase.DbConnectionPool.WaitForPendingOpen()
--- End of stack trace from previous location ---
   at Akrho.Infrastructure.SqlConnectionFactory.OpenAsync(CancellationToken ct) in D:\PROJECTS\AIS\src\Akrho.Infrastructure\SqlConnectionFactory.cs:line 16
   at Akrho.Infrastructure.Repositories.EnrolmentRepository.GetAsync(Byte[] tokenHash, CancellationToken ct) in D:\PROJECTS\AIS\src\Akrho.Infrastructure\Repositories\EnrolmentRepository.cs:line 38
   at Akrho.Api.Features.Enrolment.EnrolmentEndpoints.Get(String token, IEnrolmentRepository repo, CancellationToken ct) in D:\PROJECTS\AIS\src\Akrho.Api\Features\Enrolment\EnrolmentEndpoints.cs:line 29
   at Microsoft.AspNetCore.Http.RequestDelegateFactory.ExecuteTaskResult[T](Task`1 task, HttpContext httpContext)
   at Microsoft.AspNetCore.Authorization.AuthorizationMiddleware.Invoke(HttpContext context)
   at Microsoft.AspNetCore.Authentication.AuthenticationMiddleware.Invoke(HttpContext context)
   at Swashbuckle.AspNetCore.SwaggerUI.SwaggerUIMiddleware.Invoke(HttpContext httpContext)
   at Swashbuckle.AspNetCore.Swagger.SwaggerMiddleware.Invoke(HttpContext httpContext, ISwaggerProvider swaggerProvider)
   at Serilog.AspNetCore.RequestLoggingMiddleware.Invoke(HttpContext httpContext)
   at Microsoft.AspNetCore.Diagnostics.ExceptionHandlerMiddlewareImpl.<Invoke>g__Awaited|10_0(ExceptionHandlerMiddlewareImpl middleware, HttpContext context, Task task)
ClientConnectionId:00000000-0000-0000-0000-000000000000
Error Number:258,State:0,Class:20
2026-09-14 22:14:37.771 +08:00 [ERR] Unhandled error on /api/enrolment/PIn6GinQYsKVa0UQ7mxWpILqjR4qZs33REozIbZD-Ss
Microsoft.Data.SqlClient.SqlException (0x80131904): A network-related or instance-specific error occurred while establishing a connection to SQL Server. The server was not found or was not accessible. Verify that the instance name is correct and that SQL Server is configured to allow remote connections. (provider: TCP Provider, error: 0 - The wait operation timed out.)
 ---> System.ComponentModel.Win32Exception (258): The wait operation timed out.
   at Microsoft.Data.SqlClient.SqlInternalConnection.OnError(SqlException exception, Boolean breakConnection, Action`1 wrapCloseInAction)
   at Microsoft.Data.SqlClient.TdsParser.ThrowExceptionAndWarning(TdsParserStateObject stateObj, SqlCommand command, Boolean callerHasConnectionLock, Boolean asyncClose)
   at Microsoft.Data.SqlClient.TdsParser.Connect(ServerInfo serverInfo, SqlInternalConnectionTds connHandler, TimeoutTimer timeout, SqlConnectionString connectionOptions, Boolean withFailover)
   at Microsoft.Data.SqlClient.SqlInternalConnectionTds.AttemptOneLogin(ServerInfo serverInfo, String newPassword, SecureString newSecurePassword, TimeoutTimer timeout, Boolean withFailover)
   at Microsoft.Data.SqlClient.SqlInternalConnectionTds.LoginNoFailover(ServerInfo serverInfo, String newPassword, SecureString newSecurePassword, Boolean redirectedUserInstance, SqlConnectionString connectionOptions, SqlCredential credential, TimeoutTimer timeout)
   at Microsoft.Data.SqlClient.SqlInternalConnectionTds.OpenLoginEnlist(TimeoutTimer timeout, SqlConnectionString connectionOptions, SqlCredential credential, String newPassword, SecureString newSecurePassword, Boolean redirectedUserInstance)
   at Microsoft.Data.SqlClient.SqlInternalConnectionTds..ctor(DbConnectionPoolIdentity identity, SqlConnectionString connectionOptions, SqlCredential credential, Object providerInfo, String newPassword, SecureString newSecurePassword, Boolean redirectedUserInstance, SqlConnectionString userConnectionOptions, SessionData reconnectSessionData, Boolean applyTransientFaultHandling, String accessToken, DbConnectionPool pool, Func`3 accessTokenCallback)
   at Microsoft.Data.SqlClient.SqlConnectionFactory.CreateConnection(DbConnectionOptions options, DbConnectionPoolKey poolKey, Object poolGroupProviderInfo, DbConnectionPool pool, DbConnection owningConnection, DbConnectionOptions userOptions)
   at Microsoft.Data.ProviderBase.DbConnectionFactory.CreatePooledConnection(DbConnectionPool pool, DbConnection owningObject, DbConnectionOptions options, DbConnectionPoolKey poolKey, DbConnectionOptions userOptions)
   at Microsoft.Data.ProviderBase.DbConnectionPool.CreateObject(DbConnection owningObject, DbConnectionOptions userOptions, DbConnectionInternal oldConnection)
   at Microsoft.Data.ProviderBase.DbConnectionPool.UserCreateRequest(DbConnection owningObject, DbConnectionOptions userOptions, DbConnectionInternal oldConnection)
   at Microsoft.Data.ProviderBase.DbConnectionPool.TryGetConnection(DbConnection owningObject, UInt32 waitForMultipleObjectsTimeout, Boolean allowCreate, Boolean onlyOneCheckConnection, DbConnectionOptions userOptions, DbConnectionInternal& connection)
   at Microsoft.Data.ProviderBase.DbConnectionPool.WaitForPendingOpen()
--- End of stack trace from previous location ---
   at Akrho.Infrastructure.SqlConnectionFactory.OpenAsync(CancellationToken ct) in D:\PROJECTS\AIS\src\Akrho.Infrastructure\SqlConnectionFactory.cs:line 16
   at Akrho.Infrastructure.Repositories.EnrolmentRepository.GetAsync(Byte[] tokenHash, CancellationToken ct) in D:\PROJECTS\AIS\src\Akrho.Infrastructure\Repositories\EnrolmentRepository.cs:line 38
   at Akrho.Api.Features.Enrolment.EnrolmentEndpoints.Get(String token, IEnrolmentRepository repo, CancellationToken ct) in D:\PROJECTS\AIS\src\Akrho.Api\Features\Enrolment\EnrolmentEndpoints.cs:line 29
   at Microsoft.AspNetCore.Http.RequestDelegateFactory.ExecuteTaskResult[T](Task`1 task, HttpContext httpContext)
   at Microsoft.AspNetCore.Authorization.AuthorizationMiddleware.Invoke(HttpContext context)
   at Microsoft.AspNetCore.Authentication.AuthenticationMiddleware.Invoke(HttpContext context)
   at Swashbuckle.AspNetCore.SwaggerUI.SwaggerUIMiddleware.Invoke(HttpContext httpContext)
   at Swashbuckle.AspNetCore.Swagger.SwaggerMiddleware.Invoke(HttpContext httpContext, ISwaggerProvider swaggerProvider)
   at Serilog.AspNetCore.RequestLoggingMiddleware.Invoke(HttpContext httpContext)
   at Microsoft.AspNetCore.Diagnostics.ExceptionHandlerMiddlewareImpl.<Invoke>g__Awaited|10_0(ExceptionHandlerMiddlewareImpl middleware, HttpContext context, Task task)
ClientConnectionId:00000000-0000-0000-0000-000000000000
Error Number:258,State:0,Class:20
2026-09-14 22:16:00.930 +08:00 [DBG] Hosting starting
2026-09-14 22:16:01.227 +08:00 [INF] Now listening on: https://localhost:5443
2026-09-14 22:16:01.228 +08:00 [INF] Now listening on: http://localhost:5080
2026-09-14 22:16:01.228 +08:00 [INF] Application started. Press Ctrl+C to shut down.
2026-09-14 22:16:01.228 +08:00 [INF] Hosting environment: Development
2026-09-14 22:16:01.228 +08:00 [INF] Content root path: D:\PROJECTS\AIS\src\Akrho.Api
2026-09-14 22:16:01.229 +08:00 [DBG] Hosting started
2026-09-14 22:16:43.164 +08:00 [INF] HTTP GET /api/enrolment/PIn6GinQYsKVa0UQ7mxWpILqjR4qZs33REozIbZD-Ss responded 404 in 575.3473 ms
2026-09-14 22:18:10.856 +08:00 [INF] HTTP GET /api/enrolment/GTWS8VweoAVfn8zRyfrKrIFxb0ReJLGCDB96jfSuark responded 404 in 79.7567 ms
2026-09-14 22:19:50.980 +08:00 [INF] HTTP GET /api/enrolment/Wgth60yETY7vB8H1JYFpzBGSLYmht2XDMV-D-5YAlZg responded 404 in 60.8310 ms
2026-09-14 22:24:17.315 +08:00 [INF] HTTP GET /swagger/index.html responded 200 in 36.1384 ms
2026-09-14 22:24:50.634 +08:00 [INF] HTTP GET /api/enrolment/DLj2X8cSynSsYGPt_AawUOvsGWUPWdysJY0fFNvO6y8 responded 404 in 274.9817 ms
2026-09-14 22:26:26.304 +08:00 [INF] HTTP GET /api/enrolment/VsGVz7JZfYT0ozap7l9DH7hNfEigAIwPbk1Sh3cx5SM responded 404 in 58.2479 ms
2026-09-14 22:29:08.046 +08:00 [INF] HTTP GET /api/enrolment/y3lpPBVvJah5Be0pGJm1Uy1H0H3zo18LBOeKBCMhMl4 responded 200 in 61.1133 ms
